"contrast","Stage","estimate","SE","df","t.ratio","p.value","feature","note"
"S - U","Pre",-1.37090463209768,1.27380690739246,5.5891271184438,-1.07622640774023,0.32607245930199,"Schlegel21_HNR","BH-adjusted; exploratory post-hoc"
"S - U","Early Post",0.770904013782062,1.27859688050747,5.66736634401285,0.602929684511739,0.569876641189006,"Schlegel21_HNR","BH-adjusted; exploratory post-hoc"
"S - U","Mid Post",-1.53550848967332,1.32909829911153,6.6001455566857,-1.15530092145914,0.288072542840732,"Schlegel21_HNR","BH-adjusted; exploratory post-hoc"
"S - U","Late Post",3.5004194015725,1.25530273129575,5.25309719793053,2.7885061621425,0.0364904680718233,"Schlegel21_HNR","BH-adjusted; exploratory post-hoc"
"S - U","Pre",213.978681419439,276.726946405936,5.77859337808611,0.773248446522984,0.46981287106408,"Schlegel21_PF","BH-adjusted; exploratory post-hoc"
"S - U","Early Post",-55.5408505832714,278.062580352635,5.87991822617302,-0.199742268495226,0.84841041581843,"Schlegel21_PF","BH-adjusted; exploratory post-hoc"
"S - U","Mid Post",-380.223749605967,292.093559237881,7.12874412721868,-1.30171904713692,0.233496567865058,"Schlegel21_PF","BH-adjusted; exploratory post-hoc"
"S - U","Late Post",62.7371867675094,271.526977814499,5.32481525849085,0.231053235566044,0.825891366571331,"Schlegel21_PF","BH-adjusted; exploratory post-hoc"
"S - U","Pre",-2.18121021288255,0.589279201617283,18.3974467759819,-3.70148854209718,0.00158390010530048,"ddgfcc_0_std","BH-adjusted; exploratory post-hoc"
"S - U","Early Post",-0.435114743699607,0.603835416523776,17.5395839690523,-0.720585000138815,0.48065926162934,"ddgfcc_0_std","BH-adjusted; exploratory post-hoc"
"S - U","Mid Post",2.9217213190676,0.771408557152318,34.3512724398342,3.78751478963785,0.000586169202260072,"ddgfcc_0_std","BH-adjusted; exploratory post-hoc"
"S - U","Late Post",5.64727424914122,0.497068704618966,5.42985159739177,11.3611542965076,0.0000545375492457754,"ddgfcc_0_std","BH-adjusted; exploratory post-hoc"
"S - U","Pre",1.19862239755991,1.68230248218926,9.36718230693477,0.712489228453186,0.493526274553324,"ddmfcc_7_std","BH-adjusted; exploratory post-hoc"
"S - U","Early Post",-1.97549370330501,1.71125618995929,9.68185528759781,-1.15441142880658,0.276029841504767,"ddmfcc_7_std","BH-adjusted; exploratory post-hoc"
"S - U","Mid Post",1.09424551637486,2.01104222001404,17.1183983147186,0.544118619432671,0.593376984755847,"ddmfcc_7_std","BH-adjusted; exploratory post-hoc"
"S - U","Late Post",1.8489600689594,1.55225333878851,6.01763372662475,1.19114581541339,0.278449914041881,"ddmfcc_7_std","BH-adjusted; exploratory post-hoc"
"S - U","Pre",-0.0200360688943491,0.00574841936249092,37.8659772498986,-3.48549185974264,0.00125899012600531,"dpncc_1_std","BH-adjusted; exploratory post-hoc"
"S - U","Early Post",0.0162928951110502,0.00586799730996706,30.1435286594461,2.7765682651858,0.00935364667932697,"dpncc_1_std","BH-adjusted; exploratory post-hoc"
"S - U","Mid Post",0.023946393064019,0.0078085899896532,49.6226244584995,3.06667312482141,0.00349930607216419,"dpncc_1_std","BH-adjusted; exploratory post-hoc"
"S - U","Late Post",0.00628710351289112,0.00428696552047097,3.50652399014209,1.46656264970389,0.22597293839255,"dpncc_1_std","BH-adjusted; exploratory post-hoc"
"S - U","Pre",0.00428429738732203,0.00115819759541897,52.9167666356774,3.69910747895501,0.000515729707107886,"dpncc_8_std","BH-adjusted; exploratory post-hoc"
"S - U","Early Post",-0.00274640533720204,0.00117707840326972,38.2073703999399,-2.33323908549591,0.0249977624332323,"dpncc_8_std","BH-adjusted; exploratory post-hoc"
"S - U","Mid Post",0.000957416940265394,0.00158007446446839,55.8221070712064,0.605931531579754,0.547016259912111,"dpncc_8_std","BH-adjusted; exploratory post-hoc"
"S - U","Late Post",0.00167042780119495,0.000803025131799284,2.625719474456,2.08016877062382,0.141832658020357,"dpncc_8_std","BH-adjusted; exploratory post-hoc"
"S - U","Pre",-37.7398928147347,361.604306413611,5.7465788800666,-0.104367929655038,0.920424136505297,"e_std","BH-adjusted; exploratory post-hoc"
"S - U","Early Post",-103.915706255566,363.286039833068,5.84407788672513,-0.286043764035952,0.784712582490035,"e_std","BH-adjusted; exploratory post-hoc"
"S - U","Mid Post",-1002.22733748468,380.963041544226,7.03906930220061,-2.6307731412007,0.0337063691713354,"e_std","BH-adjusted; exploratory post-hoc"
"S - U","Late Post",327.613900923805,355.065460959824,5.31301174461724,0.922685918360488,0.396139507693434,"e_std","BH-adjusted; exploratory post-hoc"
"S - U","Pre",-0.908577946180926,4.27982526428926,6.45812941598026,-0.212293233969638,0.838421636162084,"gfcc_0_mean","BH-adjusted; exploratory post-hoc"
"S - U","Early Post",-0.896403003468626,4.31485724062706,6.63313462813698,-0.207748009604683,0.841659191969769,"gfcc_0_mean","BH-adjusted; exploratory post-hoc"
"S - U","Mid Post",-12.4775288384681,4.67937794845828,9.05493726671867,-2.66649306294633,0.0256389319442621,"gfcc_0_mean","BH-adjusted; exploratory post-hoc"
"S - U","Late Post",-17.0503105201957,4.13961948704604,5.54686512008029,-4.11881105825079,0.00736505428111716,"gfcc_0_mean","BH-adjusted; exploratory post-hoc"
"S - U","Pre",-19.2274843581395,7.46666751380847,6.63872617422351,-2.57510922008796,0.0384494468568046,"gfcc_1_std","BH-adjusted; exploratory post-hoc"
"S - U","Early Post",13.5415181431882,7.53365640302435,6.83080741095346,1.79746957105079,0.116364470228106,"gfcc_1_std","BH-adjusted; exploratory post-hoc"
"S - U","Mid Post",5.90613193025647,8.22945994759896,9.57083715510862,0.717681593672456,0.49009955588908,"gfcc_1_std","BH-adjusted; exploratory post-hoc"
"S - U","Late Post",0.933010687147124,7.19660538703587,5.59727160101172,0.129645942353303,0.901378825157694,"gfcc_1_std","BH-adjusted; exploratory post-hoc"
"S - U","Pre",0.943975728717553,3.6725594023729,8.39645784033255,0.257034842814969,0.803338949870328,"gfcc_4_std","BH-adjusted; exploratory post-hoc"
"S - U","Early Post",-4.42916517494007,3.72732052417023,8.69681539043978,-1.18829736971067,0.266152150849734,"gfcc_4_std","BH-adjusted; exploratory post-hoc"
"S - U","Mid Post",-2.14494876803011,4.29271756066162,14.5226721643576,-0.499671533875505,0.624791396312399,"gfcc_4_std","BH-adjusted; exploratory post-hoc"
"S - U","Late Post",10.811709178244,3.43580070991736,5.93114544147332,3.14678006411612,0.0202061999766095,"gfcc_4_std","BH-adjusted; exploratory post-hoc"
"S - U","Pre",-0.814505734732307,13.0494955796866,6.00937722322725,-0.0624166451307281,0.952255298551707,"gfcc_6_mean","BH-adjusted; exploratory post-hoc"
"S - U","Early Post",4.03679244388879,13.1283689782371,6.13735718433775,0.307486211773952,0.768641065142677,"gfcc_6_mean","BH-adjusted; exploratory post-hoc"
"S - U","Mid Post",4.34713080159116,13.9538026744784,7.7787449003825,0.311537356733737,0.763577647661319,"gfcc_6_mean","BH-adjusted; exploratory post-hoc"
"S - U","Late Post",13.2985111087736,12.7395146972561,5.40622061348815,1.04387894082322,0.340953335349643,"gfcc_6_mean","BH-adjusted; exploratory post-hoc"
"S - U","Pre",-59.6099263447643,25.6251884505152,5.34542134734586,-2.32622392065046,0.0641848844666631,"gfcc_7_mean","BH-adjusted; exploratory post-hoc"
"S - U","Early Post",38.5975327582381,25.6839185963505,5.39243792238502,1.50278987271524,0.189027672656714,"gfcc_7_mean","BH-adjusted; exploratory post-hoc"
"S - U","Mid Post",32.8771699070486,26.3064709185175,5.92899763820827,1.24977500816751,0.258450663458964,"gfcc_7_mean","BH-adjusted; exploratory post-hoc"
"S - U","Late Post",-12.6829278898209,25.4005793932375,5.15407698725383,-0.499316479890911,0.638138712160969,"gfcc_7_mean","BH-adjusted; exploratory post-hoc"
"S - U","Pre",9.49290561329593,2.49887664873298,22.7107983232829,3.798869231144,0.000941815147144678,"gfcc_7_std","BH-adjusted; exploratory post-hoc"
"S - U","Early Post",1.51192263011744,2.56060446983405,20.6890186631263,0.590455358462847,0.56128041879347,"gfcc_7_std","BH-adjusted; exploratory post-hoc"
"S - U","Mid Post",3.66526115971987,3.3233132304601,39.2695359223271,1.10289368035658,0.276786575421353,"gfcc_7_std","BH-adjusted; exploratory post-hoc"
"S - U","Late Post",-9.18384738832899,2.04179484620906,4.92532923826734,-4.49792857758474,0.00664748216617311,"gfcc_7_std","BH-adjusted; exploratory post-hoc"
"S - U","Pre",-1.83281882791333,10.0458454908617,7.65533879403661,-0.182445452658073,0.859971578120396,"gfcc_8_mean","BH-adjusted; exploratory post-hoc"
"S - U","Early Post",56.8283085644218,10.1737961817452,7.92299901051404,5.5857526088825,0.00053688196302001,"gfcc_8_mean","BH-adjusted; exploratory post-hoc"
"S - U","Mid Post",2.87858305440699,11.4953959314995,12.4624959161416,0.250411823269101,0.806349551246425,"gfcc_8_mean","BH-adjusted; exploratory post-hoc"
"S - U","Late Post",-18.4446106536812,9.50864050619235,5.82202025702661,-1.93977368706594,0.101948859608887,"gfcc_8_mean","BH-adjusted; exploratory post-hoc"
"S - U","Pre",-1.26429725400352,0.719870061924647,7.2187359101462,-1.75628536436602,0.121168642379843,"jit_factor","BH-adjusted; exploratory post-hoc"
"S - U","Early Post",1.13113332683173,0.727965314830644,7.45826060263359,1.55382860115372,0.161552470226245,"jit_factor","BH-adjusted; exploratory post-hoc"
"S - U","Mid Post",0.0660970559922347,0.811712594684411,11.2262595542183,0.0814291368953476,0.936534338383572,"jit_factor","BH-adjusted; exploratory post-hoc"
"S - U","Late Post",0.484691399042802,0.686467405065953,5.73709929627219,0.70606615181712,0.507789076890913,"jit_factor","BH-adjusted; exploratory post-hoc"
"S - U","Pre",0.143185966602128,0.0360337577576669,7.99292977438236,3.97366179694823,0.00410517427781759,"lpc_11_mean","BH-adjusted; exploratory post-hoc"
"S - U","Early Post",0.0576043806931754,0.0365302428592982,8.27783685062698,1.57689564000567,0.152205654043151,"lpc_11_mean","BH-adjusted; exploratory post-hoc"
"S - U","Mid Post",0.0633520445483338,0.0416558377413397,13.4079805716426,1.52084432779184,0.15152657690379,"lpc_11_mean","BH-adjusted; exploratory post-hoc"
"S - U","Late Post",-0.0763727141780031,0.033921165648779,5.87687340901529,-2.25147670244499,0.0662290347150552,"lpc_11_mean","BH-adjusted; exploratory post-hoc"
"S - U","Pre",-0.153803764874487,0.172423671998671,5.37321968269018,-0.892010726205119,0.410550655140282,"lpc_4_mean","BH-adjusted; exploratory post-hoc"
"S - U","Early Post",-0.211588963097307,0.172848739303351,5.42388194809383,-1.22412789326723,0.271400420148666,"lpc_4_mean","BH-adjusted; exploratory post-hoc"
"S - U","Mid Post",-0.135857728052021,0.177351564708906,6.00497469241069,-0.766036252767262,0.472681851267795,"lpc_4_mean","BH-adjusted; exploratory post-hoc"
"S - U","Late Post",-0.178176920176144,0.170796160395375,5.16576700096062,-1.04321385073109,0.343189069468676,"lpc_4_mean","BH-adjusted; exploratory post-hoc"
"S - U","Pre",-0.000527471576993745,0.018517396184429,10.6445194150394,-0.0284851915323434,0.977802204031333,"lpcc_10_mean","BH-adjusted; exploratory post-hoc"
"S - U","Early Post",0.0788060435987975,0.0188788200243909,10.9301890096169,4.1743098083981,0.00157267281095479,"lpcc_10_mean","BH-adjusted; exploratory post-hoc"
"S - U","Mid Post",0.0113217479920504,0.0226508951362468,20.3152765207792,0.499836669762905,0.622560857190383,"lpcc_10_mean","BH-adjusted; exploratory post-hoc"
"S - U","Late Post",0.0214513182868827,0.0168110555211358,6.05481953754928,1.27602447448424,0.248708065802428,"lpcc_10_mean","BH-adjusted; exploratory post-hoc"
"S - U","Pre",0.0764848164767636,0.14193094989987,5.41960597590863,0.538887512066412,0.611361165325485,"lpcc_2_mean","BH-adjusted; exploratory post-hoc"
"S - U","Early Post",-0.188817540435622,0.142321413702234,5.47630405362658,-1.32669803878331,0.237241484488482,"lpcc_2_mean","BH-adjusted; exploratory post-hoc"
"S - U","Mid Post",0.21890729663082,0.146453225156953,6.13210621531699,1.49472499766542,0.184563777899639,"lpcc_2_mean","BH-adjusted; exploratory post-hoc"
"S - U","Late Post",0.154768612193625,0.140433056695391,5.18504468458718,1.10208106150768,0.31893448036822,"lpcc_2_mean","BH-adjusted; exploratory post-hoc"
"S - U","Pre",0.0470006843621464,0.0788604455342832,5.27200766607529,0.595998209795982,0.575845240013828,"lpcc_4_mean","BH-adjusted; exploratory post-hoc"
"S - U","Early Post",-0.0364625817877429,0.0790044809069825,5.30929465486244,-0.461525490315833,0.662717832622939,"lpcc_4_mean","BH-adjusted; exploratory post-hoc"
"S - U","Mid Post",0.0930639105522858,0.0805340503964653,5.72914264616232,1.15558462655407,0.293758730719866,"lpcc_4_mean","BH-adjusted; exploratory post-hoc"
"S - U","Late Post",0.0534999362178334,0.0783112688385824,5.12270496058915,0.683170340760398,0.524168242030648,"lpcc_4_mean","BH-adjusted; exploratory post-hoc"
"S - U","Pre",-0.199213459030921,0.0751405176673136,5.22336618245954,-2.65121222498018,0.0434361977026404,"lpcc_5_mean","BH-adjusted; exploratory post-hoc"
"S - U","Early Post",0.0657143461570889,0.0752541196629467,5.25412666238727,0.873232541306906,0.420647498935368,"lpcc_5_mean","BH-adjusted; exploratory post-hoc"
"S - U","Mid Post",0.111637656457732,0.0764620114197742,5.59739287460022,1.46004080176291,0.19802228322081,"lpcc_5_mean","BH-adjusted; exploratory post-hoc"
"S - U","Late Post",0.139687021410127,0.0747082524237035,5.1015160025008,1.8697669518208,0.119291948275896,"lpcc_5_mean","BH-adjusted; exploratory post-hoc"
"S - U","Pre",-0.0250982300368832,0.0351642533806386,6.16594469825869,-0.713742725181882,0.501497701838067,"lpcc_6_mean","BH-adjusted; exploratory post-hoc"
"S - U","Early Post",0.073003912354682,0.0354041949684947,6.31106403687167,2.06201305861202,0.0825110080304878,"lpcc_6_mean","BH-adjusted; exploratory post-hoc"
"S - U","Mid Post",0.0242639556618098,0.0379096529824217,8.22259481063045,0.640046894469351,0.539563422215571,"lpcc_6_mean","BH-adjusted; exploratory post-hoc"
"S - U","Late Post",0.137361581494083,0.0342152382109215,5.45786764149903,4.01463174528585,0.00850635360244369,"lpcc_6_mean","BH-adjusted; exploratory post-hoc"
"S - U","Pre",0.0195847242223964,0.00793265701278312,9.36841070301144,2.46887318975679,0.0346606448782549,"lpcc_7_std","BH-adjusted; exploratory post-hoc"
"S - U","Early Post",0.014875378839348,0.00806920452998173,9.68308158362452,1.84347525014113,0.0960316815338638,"lpcc_7_std","BH-adjusted; exploratory post-hoc"
"S - U","Mid Post",0.035802736254277,0.00948302227331623,17.1215972112912,3.77545630732308,0.00149294824410673,"lpcc_7_std","BH-adjusted; exploratory post-hoc"
"S - U","Late Post",0.00251768617873594,0.00731930751313986,6.01770791425665,0.343978740368007,0.742563252636861,"lpcc_7_std","BH-adjusted; exploratory post-hoc"
"S - U","Pre",-0.109416796023565,0.0166913777404125,10.9068767397141,-6.55528846840785,0.00004274781114666,"lpcc_8_mean","BH-adjusted; exploratory post-hoc"
"S - U","Early Post",0.0379432699002493,0.0170237161491889,11.1801027303066,2.22884765980177,0.047250708331513,"lpcc_8_mean","BH-adjusted; exploratory post-hoc"
"S - U","Mid Post",-0.0484088315321338,0.0204995354530804,20.9387183941198,-2.36145992883266,0.0279731519678156,"lpcc_8_mean","BH-adjusted; exploratory post-hoc"
"S - U","Late Post",-0.0321200617951187,0.0151062834443929,6.05377140744346,-2.12627162156426,0.0772000455906519,"lpcc_8_mean","BH-adjusted; exploratory post-hoc"
"S - U","Pre",0.0613964085261093,0.0192955093801507,10.155953645032,3.18190141117849,0.00960560163098077,"lpcc_9_mean","BH-adjusted; exploratory post-hoc"
"S - U","Early Post",0.0661907677423447,0.0196566801247752,10.458982385263,3.36734216165619,0.00672575287670354,"lpcc_9_mean","BH-adjusted; exploratory post-hoc"
"S - U","Mid Post",-0.0634076601719002,0.0234128649566731,19.1237736023271,-2.70824011880818,0.0138861656655495,"lpcc_9_mean","BH-adjusted; exploratory post-hoc"
"S - U","Late Post",0.0178369855920713,0.017622486253905,6.04942550337627,1.01217191122046,0.350213870991718,"lpcc_9_mean","BH-adjusted; exploratory post-hoc"
"S - U","Pre",-158.415380093823,77.2502943848848,5.59345834412686,-2.05067671722452,0.0895778450006356,"lsf_3_mean","BH-adjusted; exploratory post-hoc"
"S - U","Early Post",64.0008857166422,77.5427210559478,5.67223712219347,0.825362907634682,0.442485021930707,"lsf_3_mean","BH-adjusted; exploratory post-hoc"
"S - U","Mid Post",-171.937051546064,80.6255486816157,6.61216900321933,-2.13253806464041,0.0727010287168729,"lsf_3_mean","BH-adjusted; exploratory post-hoc"
"S - U","Late Post",-109.590559121694,76.1204177100209,5.25478727703939,-1.43969991782201,0.20675513232659,"lsf_3_mean","BH-adjusted; exploratory post-hoc"
"S - U","Pre",-9.84161637462673,14.7569399012163,10.1037964373954,-0.666914444356825,0.51976575304311,"lsf_4_std","BH-adjusted; exploratory post-hoc"
"S - U","Early Post",59.3549131546174,15.0318142729595,10.4082251838857,3.94861937998994,0.00253279102870695,"lsf_4_std","BH-adjusted; exploratory post-hoc"
"S - U","Mid Post",21.4021050482984,17.8895333034401,18.9942497056256,1.19634786918577,0.246281453084032,"lsf_4_std","BH-adjusted; exploratory post-hoc"
"S - U","Late Post",32.7046587533849,13.4862474058861,6.04824416655229,2.42503772688546,0.0511843799581366,"lsf_4_std","BH-adjusted; exploratory post-hoc"
"S - U","Pre",-1.4822608678509,17.5019372462627,6.29398458246381,-0.084691245717237,0.9351369134494,"lsf_8_std","BH-adjusted; exploratory post-hoc"
"S - U","Early Post",4.98764949575126,17.6320558278881,6.452540400576,0.282873962312576,0.786130918708199,"lsf_8_std","BH-adjusted; exploratory post-hoc"
"S - U","Mid Post",-10.0640706273891,18.9885231038027,8.58683168621216,-0.530008077635782,0.609534878045285,"lsf_8_std","BH-adjusted; exploratory post-hoc"
"S - U","Late Post",41.3746317226628,16.984616251568,5.49802822650345,2.43600627237269,0.0544648999799625,"lsf_8_std","BH-adjusted; exploratory post-hoc"
"S - U","Pre",-16.2255830618582,16.760958919084,6.52926912155352,-0.968058160645201,0.367494917991425,"mfcc_11_mean","BH-adjusted; exploratory post-hoc"
"S - U","Early Post",40.7025865991342,16.9034263295391,6.71112949780328,2.4079488859608,0.048403195019746,"mfcc_11_mean","BH-adjusted; exploratory post-hoc"
"S - U","Mid Post",41.978700075141,18.3847632445488,9.25808555106706,2.28334189114934,0.0475223001497473,"mfcc_11_mean","BH-adjusted; exploratory post-hoc"
"S - U","Late Post",44.6574607400917,16.1891346633022,5.56712993935001,2.75848349333471,0.0355955887029895,"mfcc_11_mean","BH-adjusted; exploratory post-hoc"
"S - U","Pre",-17.7271544851854,12.8772300438865,5.72788825636256,-1.37662792578606,0.220012359152983,"mfcc_2_mean","BH-adjusted; exploratory post-hoc"
"S - U","Early Post",44.1215897906681,12.935786986793,5.82313945131641,3.41081604356308,0.0149867032767906,"mfcc_2_mean","BH-adjusted; exploratory post-hoc"
"S - U","Mid Post",10.1475353196345,13.5515009034734,6.98677869898176,0.748812651226964,0.478415994956382,"mfcc_2_mean","BH-adjusted; exploratory post-hoc"
"S - U","Late Post",38.689688095836,12.6497256983413,5.30606200132162,3.05853968840678,0.0260628863313792,"mfcc_2_mean","BH-adjusted; exploratory post-hoc"
"S - U","Pre",-2.94966159298806,2.5304620355383,9.1183862658486,-1.16566127116805,0.273336196312786,"mfcc_2_std","BH-adjusted; exploratory post-hoc"
"S - U","Early Post",-4.5719330920731,2.57265131893433,9.43243937952633,-1.77712893248469,0.107735316082771,"mfcc_2_std","BH-adjusted; exploratory post-hoc"
"S - U","Mid Post",13.6892556333178,3.00902823305765,16.4658286719811,4.54939421402747,0.000306504621499795,"mfcc_2_std","BH-adjusted; exploratory post-hoc"
"S - U","Late Post",5.36830009627926,2.34280306677825,6.00087911524152,2.29140049046529,0.0618188490056585,"mfcc_2_std","BH-adjusted; exploratory post-hoc"
"S - U","Pre",16.9942723601148,17.060163172185,5.78493021944534,0.996137738460928,0.359007331660912,"mfcc_6_mean","BH-adjusted; exploratory post-hoc"
"S - U","Early Post",-31.640430846873,17.143094850064,5.88700868323398,-1.84566620692499,0.115416664668813,"mfcc_6_mean","BH-adjusted; exploratory post-hoc"
"S - U","Mid Post",-27.7901665553166,18.0142027940156,7.14650984598367,-1.54268089868227,0.165943431450113,"mfcc_6_mean","BH-adjusted; exploratory post-hoc"
"S - U","Late Post",22.4601324351481,16.7372049360692,5.32713662456674,1.34192850723515,0.233978055717615,"mfcc_6_mean","BH-adjusted; exploratory post-hoc"
"S - U","Pre",-34.6661003941787,16.7846723514476,5.80992473022098,-2.06534269292358,0.0859613828982981,"mfcc_7_mean","BH-adjusted; exploratory post-hoc"
"S - U","Early Post",-30.9932117502164,16.8685438124859,5.91496386151601,-1.83733771537977,0.116510275607764,"mfcc_7_mean","BH-adjusted; exploratory post-hoc"
"S - U","Mid Post",-18.2644787419538,17.7491355031745,7.21663292425965,-1.02903483601706,0.336712704392221,"mfcc_7_mean","BH-adjusted; exploratory post-hoc"
"S - U","Late Post",42.695201820546,16.4577201738479,5.33624475720455,2.59423549371016,0.0456796905935039,"mfcc_7_mean","BH-adjusted; exploratory post-hoc"
"S - U","Pre",-0.325968981433423,0.081797547981915,7.62855709476906,-3.98507032882566,0.00444099564007891,"plpcc_10_mean","BH-adjusted; exploratory post-hoc"
"S - U","Early Post",0.217827955675777,0.0828322922920474,7.89468051687397,2.62974680101531,0.0305338261290362,"plpcc_10_mean","BH-adjusted; exploratory post-hoc"
"S - U","Mid Post",0.239319368904466,0.0935208395224987,12.387055618196,2.55899508736651,0.0245321394611352,"plpcc_10_mean","BH-adjusted; exploratory post-hoc"
"S - U","Late Post",0.134884712500109,0.0774577596998367,5.81727766768558,1.74139702752588,0.133807692137571,"plpcc_10_mean","BH-adjusted; exploratory post-hoc"
"S - U","Pre",-0.085927005865172,0.0650834427467061,7.71351329382566,-1.32025907417937,0.224577449245886,"plpcc_12_mean","BH-adjusted; exploratory post-hoc"
"S - U","Early Post",-0.225194158127712,0.0659244991558325,7.98442636466363,-3.41594037135416,0.00916935694967895,"plpcc_12_mean","BH-adjusted; exploratory post-hoc"
"S - U","Mid Post",-0.104994322468922,0.0746106356071746,12.6261603508293,-1.40722996948742,0.18349705860808,"plpcc_12_mean","BH-adjusted; exploratory post-hoc"
"S - U","Late Post",-0.139424123468509,0.0615440771593952,5.83211970239213,-2.26543527669461,0.0653261612527388,"plpcc_12_mean","BH-adjusted; exploratory post-hoc"
"S - U","Pre",-0.176750024562397,0.0699964662564875,6.58285568101682,-2.52512782452093,0.0415719100757777,"plpcc_1_std","BH-adjusted; exploratory post-hoc"
"S - U","Early Post",0.174233521558843,0.0706077275620307,6.76976948290339,2.46762681047586,0.0441202806650119,"plpcc_1_std","BH-adjusted; exploratory post-hoc"
"S - U","Mid Post",0.0636602498028328,0.0769601193333686,9.41117800334326,0.827184915437505,0.428607012042254,"plpcc_1_std","BH-adjusted; exploratory post-hoc"
"S - U","Late Post",0.111534848398075,0.0675377334100347,5.5820421495426,1.65144494442723,0.153432163750879,"plpcc_1_std","BH-adjusted; exploratory post-hoc"
"S - U","Pre",0.0698300472748963,0.0459014527163349,6.84596302168381,1.52130364383971,0.172944187363236,"plpcc_4_std","BH-adjusted; exploratory post-hoc"
"S - U","Early Post",0.00268831898429063,0.0463524875804095,7.0563010374303,0.0579972969007779,0.955359040676416,"plpcc_4_std","BH-adjusted; exploratory post-hoc"
"S - U","Mid Post",-0.0340369306598955,0.0510292851830984,10.1630978260281,-0.667007788523149,0.519623132890773,"plpcc_4_std","BH-adjusted; exploratory post-hoc"
"S - U","Late Post",0.0734479867389202,0.0440679331844959,5.65098656054802,1.66669914904838,0.149674052214832,"plpcc_4_std","BH-adjusted; exploratory post-hoc"
"S - U","Pre",0.00526649247824644,0.00789710445246404,12.4796465966784,0.666889049011274,0.516983901253492,"pncc_4_std","BH-adjusted; exploratory post-hoc"
"S - U","Early Post",-0.0148177805953849,0.00806935010843204,12.6345237108994,-1.83630408846694,0.0899458684416213,"pncc_4_std","BH-adjusted; exploratory post-hoc"
"S - U","Mid Post",-0.00357384980195654,0.00989834676507533,24.4353519669597,-0.361055223339546,0.721161082395335,"pncc_4_std","BH-adjusted; exploratory post-hoc"
"S - U","Late Post",0.0282792027327866,0.0070241095993057,6.00033254226326,4.02601957343916,0.00691064045722427,"pncc_4_std","BH-adjusted; exploratory post-hoc"
"S - U","Pre",0.00255296059608821,0.0198235893723672,6.49858100226393,0.128783972878639,0.901422820802708,"pncc_6_mean","BH-adjusted; exploratory post-hoc"
"S - U","Early Post",0.00502918607865172,0.0199894144024306,6.67750464718525,0.251592466762818,0.808922446196284,"pncc_6_mean","BH-adjusted; exploratory post-hoc"
"S - U","Mid Post",-0.00916887008855105,0.0217141548935753,9.1704368246501,-0.422253140105577,0.682567938449328,"pncc_6_mean","BH-adjusted; exploratory post-hoc"
"S - U","Late Post",0.0122986734599035,0.0191588369697029,5.55845398892221,0.641932152737254,0.546458310284634,"pncc_6_mean","BH-adjusted; exploratory post-hoc"
"S - U","Pre",0.0160944120101486,0.00407988451910775,28.3518745124537,3.94482048076899,0.000478947596753611,"pncc_7_std","BH-adjusted; exploratory post-hoc"
"S - U","Early Post",-0.00125004472498635,0.00417622540270416,24.4400833678267,-0.299324055683616,0.767223484159814,"pncc_7_std","BH-adjusted; exploratory post-hoc"
"S - U","Mid Post",0.00710797775612454,0.0054905602143096,43.9962177547408,1.29458151421409,0.202218103670785,"pncc_7_std","BH-adjusted; exploratory post-hoc"
"S - U","Late Post",-0.00476896801770919,0.0032128649860769,4.31959290791783,-1.48433502135189,0.206738971248081,"pncc_7_std","BH-adjusted; exploratory post-hoc"
"S - U","Pre",0.00180017999013914,0.00430826640751735,9.5878374224987,0.417843238987743,0.685264878131666,"pncc_9_std","BH-adjusted; exploratory post-hoc"
"S - U","Early Post",-0.00478429693239331,0.0043843573769792,9.90132437594075,-1.09121965228338,0.301017792414614,"pncc_9_std","BH-adjusted; exploratory post-hoc"
"S - U","Mid Post",0.000586975293467347,0.00517304525851807,17.6892940923587,0.113468037516358,0.910937363509392,"pncc_9_std","BH-adjusted; exploratory post-hoc"
"S - U","Late Post",0.00738448260827134,0.00396352955579622,6.02966580927208,1.86310774382201,0.11150059094203,"pncc_9_std","BH-adjusted; exploratory post-hoc"
"S - U","Pre",-0.076094726875782,0.437384717363705,9.00732225553208,-0.173976647685442,0.865731142947679,"ppq5","BH-adjusted; exploratory post-hoc"
"S - U","Early Post",1.01497569645541,0.444567250349669,9.32042428300585,2.28306447597543,0.0473635094166801,"ppq5","BH-adjusted; exploratory post-hoc"
"S - U","Mid Post",-0.81642323392452,0.518829006828417,16.1715719473044,-1.57358825967593,0.134941279101304,"ppq5","BH-adjusted; exploratory post-hoc"
"S - U","Late Post",0.135963013070205,0.405575608901305,5.99225526673126,0.33523468888705,0.748872784287029,"ppq5","BH-adjusted; exploratory post-hoc"
"S - U","Pre",-0.170045422668327,1.97782744198858,5.24313932571004,-0.0859758637474244,0.934672958670441,"s_contrast_band_1_mean","BH-adjusted; exploratory post-hoc"
"S - U","Early Post",0.996127762215647,1.9810717806327,5.27656049886457,0.502822649817116,0.635372701458845,"s_contrast_band_1_mean","BH-adjusted; exploratory post-hoc"
"S - U","Mid Post",-1.99883214266208,2.0155500751401,5.65088388656819,-0.991705523626422,0.361886849709465,"s_contrast_band_1_mean","BH-adjusted; exploratory post-hoc"
"S - U","Late Post",-4.15998835447824,1.96547229638199,5.11016846867234,-2.11653370140901,0.0866956800497562,"s_contrast_band_1_mean","BH-adjusted; exploratory post-hoc"
"S - U","Pre",-0.886362698076424,1.74214971582894,5.99499957409959,-0.508775273458447,0.629086159251493,"s_contrast_band_5_mean","BH-adjusted; exploratory post-hoc"
"S - U","Early Post",-0.203466796196292,1.75255169230304,6.12136697981845,-0.116097457832422,0.911290643538132,"s_contrast_band_5_mean","BH-adjusted; exploratory post-hoc"
"S - U","Mid Post",-2.85340116025915,1.86143526950762,7.73808886407852,-1.53290377968068,0.165105733945526,"s_contrast_band_5_mean","BH-adjusted; exploratory post-hoc"
"S - U","Late Post",5.64029015577478,1.70129276068011,5.40133491740318,3.31529662979345,0.0188165181507984,"s_contrast_band_5_mean","BH-adjusted; exploratory post-hoc"
"S - U","Pre",9.9758764189901,6.0435602447056,5.20610111878646,1.65066219497512,0.157400757389051,"s_contrast_band_7_mean","BH-adjusted; exploratory post-hoc"
"S - U","Early Post",10.0598441910278,6.05201505099004,5.23452991904894,1.66223053086792,0.154728551942673,"s_contrast_band_7_mean","BH-adjusted; exploratory post-hoc"
"S - U","Mid Post",5.78785897237733,6.14195287662621,5.55076263499202,0.942348319604271,0.385195817648701,"s_contrast_band_7_mean","BH-adjusted; exploratory post-hoc"
"S - U","Late Post",0.00430876060041463,6.0114121080537,5.09391717770119,0.000716763469708229,0.999455330942439,"s_contrast_band_7_mean","BH-adjusted; exploratory post-hoc"
"S - U","Pre",0.00365402446398894,0.0224362653462938,5.94012474447554,0.162862419729429,0.87602586670399,"s_entropy_mean","BH-adjusted; exploratory post-hoc"
"S - U","Early Post",0.0200951122537458,0.0225638758204354,6.0602784074419,0.890587787916575,0.407113944488436,"s_entropy_mean","BH-adjusted; exploratory post-hoc"
"S - U","Mid Post",0.00954831967633009,0.0239007922281011,7.58309883927401,0.399498041119481,0.700540881816014,"s_entropy_mean","BH-adjusted; exploratory post-hoc"
"S - U","Late Post",-0.115593952880433,0.0219361555132368,5.38246336220357,-5.26956297381646,0.0026255162748646,"s_entropy_mean","BH-adjusted; exploratory post-hoc"
"S - U","Pre",0.0000563740423410068,0.00290775756667779,6.23313683853854,0.0193874630357908,0.985137794196918,"s_flux_mean","BH-adjusted; exploratory post-hoc"
"S - U","Early Post",-0.00413705984128017,0.00292853925930606,6.38537294242757,-1.4126700976037,0.204590163114194,"s_flux_mean","BH-adjusted; exploratory post-hoc"
"S - U","Mid Post",0.00203068203665608,0.00314534973505153,8.41361766045922,0.645614067658778,0.535736523582953,"s_flux_mean","BH-adjusted; exploratory post-hoc"
"S - U","Late Post",0.0207903692057607,0.00282533774768336,5.47917223644213,7.35854296457401,0.000487369579782792,"s_flux_mean","BH-adjusted; exploratory post-hoc"
"S - U","Pre",0.00378112342864767,0.004330475089785,7.22619567838267,0.873142865448372,0.410659251530595,"s_logdist_std","BH-adjusted; exploratory post-hoc"
"S - U","Early Post",0.0106975289572504,0.00437928992978685,7.46625609545155,2.44275422015073,0.0424756283833132,"s_logdist_std","BH-adjusted; exploratory post-hoc"
"S - U","Mid Post",0.0188280484489606,0.00488427241406816,11.2474799906554,3.85483176465143,0.00257153552434687,"s_logdist_std","BH-adjusted; exploratory post-hoc"
"S - U","Late Post",0.00461783316892823,0.00412899519178329,5.73869052865719,1.11839151038919,0.308018265637603,"s_logdist_std","BH-adjusted; exploratory post-hoc"
"S - U","Pre",-7355.17868994211,4232.16534075627,5.29754213216351,-1.73792328459166,0.139426834514007,"ucla_flux","BH-adjusted; exploratory post-hoc"
"S - U","Early Post",2486.63857312517,4240.58569823214,5.33822982049957,0.586390359747199,0.581536313502025,"ucla_flux","BH-adjusted; exploratory post-hoc"
"S - U","Mid Post",-10715.3117906943,4329.94773277534,5.79852124667065,-2.47469772200372,0.0495342798794566,"ucla_flux","BH-adjusted; exploratory post-hoc"
"S - U","Late Post",-6180.01875006311,4200.02621283157,5.13369923192446,-1.47142385235179,0.199665772593329,"ucla_flux","BH-adjusted; exploratory post-hoc"
"S - U","Pre",-0.0113802822707172,0.00263331698045463,11.5300289819495,-4.32165301601954,0.00108768008425857,"zcr_std","BH-adjusted; exploratory post-hoc"
"S - U","Early Post",0.0105816012653823,0.00268795992231334,11.765174856905,3.93666630872809,0.0020488808787157,"zcr_std","BH-adjusted; exploratory post-hoc"
"S - U","Mid Post",0.00229059212551637,0.0032626169397416,22.3733129281164,0.702072038434825,0.48987433002278,"zcr_std","BH-adjusted; exploratory post-hoc"
"S - U","Late Post",-0.00402669996200932,0.00236632795902396,6.04149746529312,-1.70166605463691,0.139377584354709,"zcr_std","BH-adjusted; exploratory post-hoc"
