"Stage","Treatment","emmean","SE","df","lower.CL","upper.CL","feature"
"Pre","S",-0.769163192214245,0.840178921324214,5.75829877260275,-2.84610686075602,1.30778047632753,"Schlegel21_HNR"
"Early Post","S",2.62478345897755,0.819677059837726,5.21104943785549,0.543146800543578,4.70642011741151,"Schlegel21_HNR"
"Mid Post","S",0.512634063424384,0.842821960979376,5.82773224121407,-1.56454483856861,2.58981296541738,"Schlegel21_HNR"
"Late Post","S",3.67601889972666,0.812765645633936,5.04057993689902,1.59178726505721,5.76025053439612,"Schlegel21_HNR"
"Pre","U",0.601741439883436,0.957435855545015,5.46388614247853,-1.79788553123785,3.00136841100472,"Schlegel21_HNR"
"Early Post","U",1.85387944519548,0.981294808107743,6.02213264004873,-0.545124937566449,4.25288382795742,"Schlegel21_HNR"
"Mid Post","U",2.04814255309771,1.02769325715022,7.20986797355966,-0.367699514724681,4.46398462092009,"Schlegel21_HNR"
"Late Post","U",0.175599498154167,0.95665926665444,5.41512310623938,-2.22793632223151,2.57913531853984,"Schlegel21_HNR"
"Pre","S",705.769776104184,182.914257603131,6.0038619181973,258.264489331775,1153.27506287659,"Schlegel21_PF"
"Early Post","S",746.987886315062,177.167333875191,5.27480781096085,298.60952107651,1195.36625155362,"Schlegel21_PF"
"Mid Post","S",503.539168957082,183.650689604743,6.09517143165025,55.8575134190111,951.220824495152,"Schlegel21_PF"
"Late Post","S",830.548772989702,175.222746375134,5.05220593429619,381.520698478214,1279.57684750119,"Schlegel21_PF"
"Pre","U",491.791094684745,207.653984389053,5.6124321654225,-24.9476921728599,1008.52988154235,"Schlegel21_PF"
"Early Post","U",802.528736898334,214.314102195638,6.35524535094816,285.145353383811,1319.91212041286,"Schlegel21_PF"
"Mid Post","U",883.762918563049,227.136680340178,7.95448551366951,359.462669729659,1408.06316739644,"Schlegel21_PF"
"Late Post","U",767.811586222193,207.422006628591,5.53344622212009,249.712198684543,1285.91097375984,"Schlegel21_PF"
"Pre","S",12.4657916616892,0.409931563868667,22.6006567726331,11.6169537260557,13.3146295973228,"ddgfcc_0_std"
"Early Post","S",13.4166565102083,0.321832691126173,7.3863536356769,12.6636386254843,14.1696743949323,"ddgfcc_0_std"
"Mid Post","S",16.7246223890233,0.419252277454148,22.3015779336858,15.8558275788458,17.5934171992007,"ddgfcc_0_std"
"Late Post","S",15.6484099924909,0.290359835423191,5.19673318015101,14.9104355806532,16.3863844043286,"ddgfcc_0_std"
"Pre","U",14.6470018745718,0.423327403321461,15.4582118011731,13.7470247929005,15.5469789562431,"ddgfcc_0_std"
"Early Post","U",13.8517712539079,0.510921646802059,28.0273806047928,12.8052417636407,14.8983007441751,"ddgfcc_0_std"
"Mid Post","U",13.8029010699557,0.647532771292181,42.7812142175413,12.4968336244047,15.1089685155066,"ddgfcc_0_std"
"Late Post","U",10.0011357433497,0.403445737472332,5.57194404347374,8.99526107593342,11.007010410766,"ddgfcc_0_std"
"Pre","S",45.492970067965,1.14144131464939,10.7386495432469,42.9731947121538,48.0127454237762,"ddmfcc_7_std"
"Early Post","S",46.7590102288032,1.00394280330031,6.20592027073577,44.3220747114691,49.1959457461372,"ddmfcc_7_std"
"Mid Post","S",46.9488904502066,1.15758169885632,11.136239778152,44.4048680623343,49.4929128380788,"ddmfcc_7_std"
"Late Post","S",47.3970880869179,0.955425710668838,5.18489379319861,44.9671982116718,49.826977962164,"ddmfcc_7_std"
"Pre","U",44.2943476704051,1.23582092828679,8.39611674907927,41.4677735620882,47.1209217787219,"ddmfcc_7_std"
"Early Post","U",48.7345039321082,1.38581982789087,12.7936193434349,45.735705370454,51.7333024937624,"ddmfcc_7_std"
"Mid Post","U",45.8546449338317,1.64447420811392,22.1336410535648,42.4454076710484,49.2638821966151,"ddmfcc_7_std"
"Late Post","U",45.5481280179585,1.22337734946051,6.64869115864262,42.6240237565255,48.4722322793915,"ddmfcc_7_std"
"Pre","S",0.157673962304952,0.00407030590878787,45.3375013326514,0.149477629447787,0.165870295162118,"dpncc_1_std"
"Early Post","S",0.164345174848737,0.00290168898384691,8.2126700251516,0.157683909036439,0.171006440661034,"dpncc_1_std"
"Mid Post","S",0.152598920486966,0.00420217882647195,36.4599115530992,0.144080238018539,0.161117602955393,"dpncc_1_std"
"Late Post","S",0.164346078197498,0.00250841217506452,4.74938220098362,0.157794301814911,0.170897854580084,"dpncc_1_std"
"Pre","U",0.177710031199302,0.00405917910124044,32.2060645338484,0.169443828242957,0.185976234155645,"dpncc_1_std"
"Early Post","U",0.148052279737687,0.00510035228889164,56.6142495891078,0.137837492053301,0.158267067422072,"dpncc_1_std"
"Mid Post","U",0.128652527422947,0.006581471775892,57.084005684963,0.115473777836673,0.141831277009221,"dpncc_1_std"
"Late Post","U",0.158058974684607,0.00347648410519808,2.9728829068472,0.146937939814429,0.169180009554784,"dpncc_1_std"
"Pre","S",0.0502160923714327,0.000825881175737713,59.5108066332804,0.0485638046984705,0.051868380044395,"dpncc_8_std"
"Early Post","S",0.047927901406841,0.000570402830917026,8.23545238605702,0.0466190672926295,0.0492367355210524,"dpncc_8_std"
"Mid Post","S",0.0507776169600043,0.000860246790888904,39.7007525966571,0.0490385850233922,0.0525166488966165,"dpncc_8_std"
"Late Post","S",0.0479324238532558,0.000489365211169076,4.18996873668163,0.0465976813045894,0.0492671664019223,"dpncc_8_std"
"Pre","U",0.0459317949841107,0.000811998739898273,47.4117780590353,0.0442986386491238,0.0475649513190976,"dpncc_8_std"
"Early Post","U",0.050674306744043,0.00102963788679605,78.5993946162777,0.0486247013674932,0.0527239121205928,"dpncc_8_std"
"Mid Post","U",0.0498202000197389,0.00132537193724268,65.1136379113087,0.0471733370532024,0.0524670629862755,"dpncc_8_std"
"Late Post","U",0.0462619960520609,0.000636687562622909,2.02602603626297,0.0435559985490207,0.0489679935551011,"dpncc_8_std"
"Pre","S",1785.05773972305,238.93320601919,5.96231709506117,1199.51237941014,2370.60310003596,"e_std"
"Early Post","S",2141.9417950311,231.703528937198,5.26416659055151,1555.20757120236,2728.67601885984,"e_std"
"Mid Post","S",1168.5067438983,239.860573257681,6.0499516535204,582.761726334518,1754.25176146207,"e_std"
"Late Post","S",2141.95334679863,229.258724181035,5.0502862733998,1554.3856323541,2729.52106124316,"e_std"
"Pre","U",1822.79763253779,271.419596710076,5.58735142883385,1146.58492051722,2499.01034455836,"e_std"
"Early Post","U",2245.85750128667,279.803898142329,6.29883388660347,1568.99917995797,2922.71582261537,"e_std"
"Mid Post","U",2170.73408138297,295.972539974783,7.82778931980972,1485.59772029337,2855.87044247257,"e_std"
"Late Post","U",1814.33944587483,271.130815204573,5.51395881851991,1136.46934458884,2492.20954716082,"e_std"
"Pre","S",-982.788808434244,2.84819877499899,6.89003224153192,-989.545580302923,-976.032036565565,"gfcc_0_mean"
"Early Post","S",-983.069190602842,2.69460100323572,5.48883271611158,-989.814386190266,-976.323995015419,"gfcc_0_mean"
"Mid Post","S",-998.860893717692,2.86748949817377,7.05672075122466,-1005.63039625806,-992.091391177326,"gfcc_0_mean"
"Late Post","S",-995.880741147005,2.64201608087377,5.08902107222758,-1002.636681699,-989.124800595013,"gfcc_0_mean"
"Pre","U",-981.880230488063,3.19447460953173,6.14317698199711,-989.652879306063,-974.107581670063,"gfcc_0_mean"
"Early Post","U",-982.172787599374,3.37003240939205,7.56222851391004,-990.023103931729,-974.322471267018,"gfcc_0_mean"
"Mid Post","U",-986.383364879224,3.69784828817798,10.7010298458035,-994.550103062111,-978.216626696337,"gfcc_0_mean"
"Late Post","U",-978.830430626809,3.18687943385623,5.90032378732453,-986.660488070289,-971.000373183329,"gfcc_0_mean"
"Pre","S",58.3907262802853,4.97701460495499,7.12676338661272,46.6642592402087,70.1171933203619,"gfcc_1_std"
"Early Post","S",71.6611722992259,4.68183382201237,5.54215939259285,59.9717720423246,83.3505725561271,"gfcc_1_std"
"Mid Post","S",60.4919193022392,5.01390216899945,7.3124757173305,48.7378584368711,72.2459801676073,"gfcc_1_std"
"Late Post","S",68.5578723416575,4.58050141807067,5.0976502961527,56.8508373746565,80.2649073086584,"gfcc_1_std"
"Pre","U",77.6182106384248,5.56600838876726,6.28378333197546,64.1463941539976,91.0900271228519,"gfcc_1_std"
"Early Post","U",58.1196541560376,5.90223778425529,7.88539657915881,44.4745607277265,71.7647475843488,"gfcc_1_std"
"Mid Post","U",54.5857873719827,6.52570272605474,11.4415604877533,40.2901525972472,68.8814221467183,"gfcc_1_std"
"Late Post","U",67.6248616545104,5.55068787230612,5.9834419224451,54.0337016136085,81.2160216954122,"gfcc_1_std"
"Pre","S",41.7658892308575,2.47889931905333,9.44852294670292,36.1985460961848,47.3332323655303,"gfcc_4_std"
"Early Post","S",46.2991167528222,2.22565812520109,5.99647608975352,40.8523516280571,51.7458818775873,"gfcc_4_std"
"Mid Post","S",46.3928286525394,2.5092222863169,9.78908779106965,40.7855617939574,52.0000955111215,"gfcc_4_std"
"Late Post","S",56.1819178649472,2.13695547849797,5.16168820870625,50.7400533944903,61.6237823354041,"gfcc_4_std"
"Pre","U",40.82191350214,2.70975104575209,7.64615306043688,34.522521764867,47.121305239413,"gfcc_4_std"
"Early Post","U",50.7282819277622,2.98987695392753,11.050095173803,44.1512451302199,57.3053187253046,"gfcc_4_std"
"Mid Post","U",48.5377774205695,3.48299118193877,18.5173816648807,41.2349120962471,55.840642744892,"gfcc_4_std"
"Late Post","U",45.3702086867032,2.69038060526502,6.52209950150322,38.9127413238818,51.8276760495246,"gfcc_4_std"
"Pre","S",-62.591195323961,8.64676258150458,6.30392931003216,-83.5042345151188,-41.6781561328031,"gfcc_6_mean"
"Early Post","S",-41.2895558357517,8.30520868196369,5.3499797966726,-62.2254692013231,-20.3536424701803,"gfcc_6_mean"
"Mid Post","S",-37.3700716194359,8.69022198893554,6.4214361516046,-58.3005288340279,-16.4396144048439,"gfcc_6_mean"
"Late Post","S",-3.88926651126362,8.18914456933373,5.06552846390107,-24.8584890422534,17.0799560197261,"gfcc_6_mean"
"Pre","U",-61.7766895892287,9.77357824664813,5.79301461165745,-85.9004398465515,-37.6529393319057,"gfcc_6_mean"
"Early Post","U",-45.3263482796405,10.1674766180096,6.76325006653115,-69.5402758249297,-21.1124207343513,"gfcc_6_mean"
"Mid Post","U",-41.717202421027,10.9173554884552,8.87664381197703,-66.4663919595362,-16.9680128825179,"gfcc_6_mean"
"Late Post","U",-17.1877776200373,9.75874715033427,5.66794107974931,-41.4098158443066,7.0342606042321,"gfcc_6_mean"
"Pre","S",-62.195712113433,16.8523778101356,5.44358347070559,-104.475592153603,-19.9158320732632,"gfcc_7_mean"
"Early Post","S",-34.4952857913038,16.6027051382544,5.12617833480439,-76.8598549182972,7.86928333568951,"gfcc_7_mean"
"Mid Post","S",-50.7069160684087,16.8848247149615,5.48449277739155,-92.9824546838569,-8.4313774529604,"gfcc_7_mean"
"Late Post","S",-72.8530952729623,16.5189685568943,5.02464549982936,-115.253886452322,-30.452304093603,"gfcc_7_mean"
"Pre","U",-2.58578576866864,19.3040836422988,5.27238145278477,-51.4472626608504,46.2756911235132,"gfcc_7_mean"
"Early Post","U",-73.0928185495419,19.5962714962857,5.59654225196107,-121.893694610135,-24.2919424889493,"gfcc_7_mean"
"Mid Post","U",-83.5840859754573,20.1725830406478,6.27350021235972,-132.427648608406,-34.7405233425084,"gfcc_7_mean"
"Late Post","U",-60.1701673831414,19.2954168477516,5.25217745874457,-109.0627989733,-11.2775357929833,"gfcc_7_mean"
"Pre","S",49.7201950526688,1.74852345165734,28.0298874532841,46.1386791732159,53.3017109321216,"gfcc_7_std"
"Early Post","S",52.5979343792329,1.33072939884,7.69107886860671,49.5076794408233,55.6881893176426,"gfcc_7_std"
"Mid Post","S",52.220876937687,1.79218691803392,26.5945526231961,48.5409881605565,55.9007657148174,"gfcc_7_std"
"Late Post","S",47.4692434275205,1.18282030381845,5.13505240753699,44.4526024153152,50.4858844397259,"gfcc_7_std"
"Pre","U",40.2272894393729,1.78523114598285,18.9520451067724,36.4901176878711,43.9644611908746,"gfcc_7_std"
"Early Post","U",51.0860117491155,2.18765959829153,34.6798271678061,46.6433604825083,55.5286630157227,"gfcc_7_std"
"Mid Post","U",48.5556157779671,2.79865626302682,47.4787580410272,42.9269438450161,54.1842877109181,"gfcc_7_std"
"Late Post","U",56.6530908158495,1.66429033611348,4.809864142006,52.3235253282554,60.9826563034437,"gfcc_7_std"
"Pre","S",-18.7592538820826,6.74893111793138,8.46645596095897,-34.1743234853225,-3.34418427884274,"gfcc_8_mean"
"Early Post","S",-5.32622916502935,6.16913185786151,5.81807079894801,-20.536713022938,9.88425469287928,"gfcc_8_mean"
"Mid Post","S",-65.7816368677408,6.81953379591821,8.7491080349743,-81.2761933656413,-50.2870803698404,"gfcc_8_mean"
"Late Post","S",-90.8464692609174,5.96751052999904,5.13864724939446,-106.062786103775,-75.6301524180594,"gfcc_8_mean"
"Pre","U",-16.9264350541693,7.44116525765185,7.0727766023532,-34.4853586922373,0.632488583898795,"gfcc_8_mean"
"Early Post","U",-62.1545377294512,8.08999016488961,9.71416676525921,-80.2523123711416,-44.0567630877608,"gfcc_8_mean"
"Mid Post","U",-68.6602199221478,9.2540848509328,15.591237403162,-88.3198874260054,-49.0005524182902,"gfcc_8_mean"
"Late Post","U",-72.4018586072361,7.40290904647305,6.35007229808334,-90.2767883113405,-54.5269289031317,"gfcc_8_mean"
"Pre","S",18.8681199415674,0.482100969851755,7.88980704883012,17.7536846335612,19.9825552495735,"jit_factor"
"Early Post","S",19.5092592330017,0.445855446640716,5.70435745497331,18.404436580914,20.6140818850895,"jit_factor"
"Mid Post","S",17.4105887236811,0.486562037659223,8.13310006872966,16.2917627877925,18.5294146595698,"jit_factor"
"Late Post","S",17.4923444180491,0.43331499502345,5.1225100267956,16.3864377887183,18.5982510473799,"jit_factor"
"Pre","U",20.1324171955709,0.534594763277189,6.73437696288926,18.8581232874325,21.4067111037092,"jit_factor"
"Early Post","U",18.37812590617,0.575453230330047,8.92742290921055,17.0747452563672,19.6815065559729,"jit_factor"
"Mid Post","U",17.3444916676889,0.649718954532037,13.820066472544,15.9492790588364,18.7397042765413,"jit_factor"
"Late Post","U",17.0076530190063,0.532424279410519,6.2126834504428,15.7155928006254,18.2997132373871,"jit_factor"
"Pre","S",0.218076898508396,0.024262033256044,8.91337511940175,0.163110949864846,0.273042847151946,"lpc_11_mean"
"Early Post","S",0.149826076001777,0.0219913072026593,5.90150264193411,0.0957968290377855,0.203855322965768,"lpc_11_mean"
"Mid Post","S",0.159178137423728,0.0245363774417615,9.22385956510188,0.10387766255451,0.214478612292947,"lpc_11_mean"
"Late Post","S",0.106020984082884,0.021198913705953,5.14977859041833,0.0520007152352319,0.160041252930537,"lpc_11_mean"
"Pre","U",0.0748909319062684,0.0266417987459712,7.33409085623982,0.0124701966835662,0.13731166712897,"lpc_11_mean"
"Early Post","U",0.0922216953086013,0.0291691798115334,10.3228763324773,0.0275032091989949,0.156940181418208,"lpc_11_mean"
"Mid Post","U",0.0958260928753945,0.0336626647781818,16.9390247550736,0.0247845983391681,0.166867587411621,"lpc_11_mean"
"Late Post","U",0.182393698260887,0.026481154367955,6.43744150460297,0.11864916051666,0.246138236005115,"lpc_11_mean"
"Pre","S",-0.359349937056887,0.113433470764748,5.47941229514254,-0.643431020469374,-0.0752688536444003,"lpc_4_mean"
"Early Post","S",-0.30013483098401,0.111625028568576,5.13602728426687,-0.584805306419735,-0.0154643555482848,"lpc_4_mean"
"Mid Post","S",-0.397128780543283,0.113668272208713,5.52359327111336,-0.681184856300101,-0.113072704786465,"lpc_4_mean"
"Late Post","S",-0.297259165827091,0.111018135758133,5.02652130095842,-0.582188068051714,-0.012330263602467,"lpc_4_mean"
"Pre","U",-0.2055461721824,0.129856730190499,5.29425176997183,-0.533849691883596,0.122757347518796,"lpc_4_mean"
"Early Post","U",-0.0885458678867025,0.131971738170801,5.64490694489604,-0.416457632958412,0.239365897185007,"lpc_4_mean"
"Mid Post","U",-0.261271052491262,0.13613633386346,6.37890675717189,-0.589646540291305,0.0671044353087815,"lpc_4_mean"
"Late Post","U",-0.119082245650946,0.129793304675516,5.27138337081836,-0.447625765679319,0.209461274377426,"lpc_4_mean"
"Pre","S",0.0283127534828389,0.012634809152864,12.4384207021126,0.000891102467204731,0.0557344044984732,"lpcc_10_mean"
"Early Post","S",0.111138160064874,0.010857608789826,6.44661777292876,0.0850103976630523,0.137265922466696,"lpcc_10_mean"
"Mid Post","S",0.0610010124392346,0.0128387056963782,12.8752449554934,0.0332373308225724,0.0887646940558968,"lpcc_10_mean"
"Late Post","S",-0.038767345879561,0.0102262119928001,5.20577226407694,-0.0647451830805331,-0.0127895086785888,"lpcc_10_mean"
"Pre","U",0.0288402250598327,0.0135371916999728,9.38294110520359,-0.00159356912869756,0.0592740192483629,"lpcc_10_mean"
"Early Post","U",0.0323321164660767,0.0154441631978051,15.0653377458411,-0.000573908032900784,0.0652381409650541,"lpcc_10_mean"
"Mid Post","U",0.0496792644471842,0.0186609401294531,26.4412405562485,0.0113522823703569,0.0880062465240115,"lpcc_10_mean"
"Late Post","U",-0.0602186641664437,0.0133430197486559,6.68293556741118,-0.0920758947963332,-0.0283614335365542,"lpcc_10_mean"
"Pre","S",0.321656007198431,0.0934263139517755,5.53923953400015,0.0883605007733264,0.554951513623536,"lpcc_2_mean"
"Early Post","S",0.141369774789985,0.0917629404849869,5.15236419734899,-0.0924316635150764,0.375171213095047,"lpcc_2_mean"
"Mid Post","S",0.548770604041842,0.0936419457427796,5.58887046442173,0.315488487426057,0.782052720657626,"lpcc_2_mean"
"Late Post","S",0.200022296820662,0.0912041731042204,5.02961737991464,-0.0340108583232328,0.434055451964556,"lpcc_2_mean"
"Pre","U",0.245171190721667,0.106845301257771,5.33073065239396,-0.0244363799199074,0.514778761363242,"lpcc_2_mean"
"Early Post","U",0.330187315225607,0.108788545131146,5.72571922828918,0.0608695280445338,0.599505102406681,"lpcc_2_mean"
"Mid Post","U",0.329863307411022,0.112604321215394,6.55564411507779,0.0598936515369592,0.599832963285085,"lpcc_2_mean"
"Late Post","U",0.0452536846270369,0.106785964532735,5.3030746837946,-0.224596228723359,0.315103597977433,"lpcc_2_mean"
"Pre","S",0.0775448056265575,0.0518143758149063,5.34905160128611,-0.0530760562926535,0.208165667545769,"lpcc_4_mean"
"Early Post","S",0.117657435480785,0.0512033093434228,5.09995416653655,-0.0131927270805476,0.248507598042117,"lpcc_4_mean"
"Mid Post","S",0.150158097967358,0.0518939868777261,5.38130224641606,0.0195538319768071,0.280762363957908,"lpcc_4_mean"
"Late Post","S",0.187896541927885,0.0509986996010379,5.01961694935055,0.0569541591134457,0.318838924742324,"lpcc_4_mean"
"Pre","U",0.0305441212644111,0.0594494771110503,5.21458903763716,-0.120403333374304,0.181491575903126,"lpcc_4_mean"
"Early Post","U",0.154120017268528,0.0601658467543133,5.46905420915815,0.00336456636360213,0.304875468173453,"lpcc_4_mean"
"Mid Post","U",0.0570941874150718,0.0615852855737051,5.9970486045781,-0.093617556751535,0.207805931581679,"lpcc_4_mean"
"Late Post","U",0.134396605710051,0.0594288437218143,5.20068161938707,-0.0166139627545813,0.285407174174684,"lpcc_4_mean"
"Pre","S",-0.0919458454829041,0.0493392948939632,5.28649131020366,-0.216736813447576,0.0328451224817676,"lpcc_5_mean"
"Early Post","S",0.0802615062585327,0.0488579962683396,5.08240596719913,-0.0447219426151884,0.205244955132254,"lpcc_5_mean"
"Mid Post","S",0.101463503214626,0.0494021043760406,5.3129918856914,-0.0233111283828073,0.22623813481206,"lpcc_5_mean"
"Late Post","S",0.111547864688569,0.0486970150715259,5.01622451376257,-0.01351011636967,0.236605845746809,"lpcc_5_mean"
"Pre","U",0.107267613548017,0.0566721393162318,5.17626964577709,-0.0369331987762686,0.251468425872303,"lpcc_5_mean"
"Early Post","U",0.0145471601014438,0.0572370398159095,5.38478335038987,-0.129478584275867,0.158572904478755,"lpcc_5_mean"
"Mid Post","U",-0.0101741532431058,0.0583598429879354,5.81548872489676,-0.154081031841121,0.133732725354909,"lpcc_5_mean"
"Late Post","U",-0.0281391567215575,0.0566561885704234,5.16594105705388,-0.172382601180376,0.116104287737261,"lpcc_5_mean"
"Pre","S",-0.0542235633387072,0.0233369834347633,6.50804622619716,-0.110263743935447,0.00181661725803317,"lpcc_6_mean"
"Early Post","S",-0.0487464258068061,0.0222934234013085,5.39948986277327,-0.104801393232352,0.00730854161873982,"lpcc_6_mean"
"Mid Post","S",-0.0997655650637595,0.0234691500805381,6.64299773826808,-0.155871635873099,-0.0436594942544197,"lpcc_6_mean"
"Late Post","S",-0.0917616682534673,0.0219378442486891,5.07407276293094,-0.147907977180078,-0.035615359326857,"lpcc_6_mean"
"Pre","U",-0.029125333301824,0.0263041806559972,5.91532138799008,-0.0937133505894555,0.0354626839858076,"lpcc_6_mean"
"Early Post","U",-0.121750338161488,0.0275038232690871,7.0412560230938,-0.18670937779607,-0.0567912985269062,"lpcc_6_mean"
"Mid Post","U",-0.124029520725569,0.0297714760088379,9.50949432910826,-0.190831234315655,-0.0572278071354835,"lpcc_6_mean"
"Late Post","U",-0.22912324974755,0.0262566851592192,5.75330904544878,-0.294044766007648,-0.164201733487453,"lpcc_6_mean"
"Pre","S",0.136091145292307,0.00538233579711567,10.7402837154724,0.124209659657634,0.147972630926979,"lpcc_7_std"
"Early Post","S",0.131634396809896,0.00473386236148765,6.20616968976775,0.120143693111112,0.14312510050868,"lpcc_7_std"
"Mid Post","S",0.149226829511643,0.00545845562023952,11.1379317106312,0.137230976940486,0.161222682082799,"lpcc_7_std"
"Late Post","S",0.120249766337753,0.00450504317541527,5.18491877444563,0.108792314976711,0.131707217698796,"lpcc_7_std"
"Pre","U",0.11650642106991,0.00582730715249717,8.39706549245002,0.103178431202063,0.129834410937758,"lpcc_7_std"
"Early Post","U",0.116759017970548,0.00653472332154683,12.7958179701613,0.102618672862018,0.130899363079078,"lpcc_7_std"
"Mid Post","U",0.113424093257366,0.00775454535598879,22.1380379662908,0.09734796244695,0.129500224067781,"lpcc_7_std"
"Late Post","U",0.117732080159017,0.00576860888425883,6.64878998307126,0.103944053190122,0.131520107127913,"lpcc_7_std"
"Pre","S",-0.0672056790248452,0.011400462349247,12.7874213705241,-0.0918765658630298,-0.0425347921866606,"lpcc_8_mean"
"Early Post","S",-0.0138788457795816,0.00975457619821191,6.49182115715431,-0.0373158775545256,0.00955818599536246,"lpcc_8_mean"
"Mid Post","S",-0.13692001174192,0.0115884840772552,13.2269896845774,-0.161911805863151,-0.111928217620689,"lpcc_8_mean"
"Late Post","S",-0.0739441819201983,0.00916920097397075,5.20892164566899,-0.0972328381460707,-0.0506555256943258,"lpcc_8_mean"
"Pre","U",0.04221111699872,0.0121914539369404,9.58579799441788,0.0148869187273491,0.0695353152700908,"lpcc_8_mean"
"Early Post","U",-0.0518221156798309,0.0139518871383564,15.5278521531299,-0.0814720542484908,-0.022172177111171,"lpcc_8_mean"
"Mid Post","U",-0.0885111802097865,0.0169097010790642,27.2594188995948,-0.123191577599933,-0.0538307828196398,"lpcc_8_mean"
"Late Post","U",-0.0418241201250796,0.0120052302352463,6.67529353833462,-0.0704943195783606,-0.0131539206717986,"lpcc_8_mean"
"Pre","S",0.15708877047518,0.0131393091514519,11.7882873331538,0.128403547199731,0.185773993750629,"lpcc_9_mean"
"Early Post","S",0.11596275320667,0.0113868280156589,6.3587667338508,0.0884768524030275,0.143448654010312,"lpcc_9_mean"
"Mid Post","S",-0.0298465417313802,0.0133420568762676,12.2151094642901,-0.0588597107688961,-0.000833372693864326,"lpcc_9_mean"
"Late Post","S",-0.0072100550810898,0.0107656352161772,5.19892767918103,-0.0345685227620324,0.0201484125998528,"lpcc_9_mean"
"Pre","U",0.0956923619490708,0.0141306488620324,9.00537572193695,0.0637295219216515,0.12765520197649,"lpcc_9_mean"
"Early Post","U",0.0497719854643248,0.016022647136773,14.2001247355746,0.015452206242487,0.0840917646861627,"lpcc_9_mean"
"Mid Post","U",0.03356111844052,0.0192393285691017,24.8569481541942,-0.00607458645211575,0.0731968233331557,"lpcc_9_mean"
"Late Post","U",-0.0250470406731611,0.0139518142247263,6.68486912576441,-0.0583557430374659,0.00826166169114381,"lpcc_9_mean"
"Pre","S",1561.45494650114,50.9553893925766,5.7639039948428,1435.52308168973,1687.38681131255,"lsf_3_mean"
"Early Post","S",1595.097051248,49.7036049422107,5.21252824913303,1468.88094966321,1721.31315283279,"lsf_3_mean"
"Mid Post","S",1333.66859833873,51.1167432078441,5.83384078927999,1207.72178465095,1459.6154120265,"lsf_3_mean"
"Late Post","S",1566.70003737545,49.2815769458091,5.04085295440226,1440.3258911512,1693.07418359969,"lsf_3_mean"
"Pre","U",1719.87032659496,58.0616592460314,5.46728508744482,1574.37453752525,1865.36611566467,"lsf_3_mean"
"Early Post","U",1531.09616553136,59.5182765586268,6.02972703709954,1385.63405667402,1676.55827438869,"lsf_3_mean"
"Mid Post","U",1505.60564988479,62.3502819884152,7.2267419625573,1359.10323795135,1652.10806181823,"lsf_3_mean"
"Late Post","U",1676.29059649714,58.0141721140822,5.41790893167479,1530.55476662648,1822.0264263678,"lsf_3_mean"
"Pre","S",143.483672175012,10.0465120456522,11.7188731135632,121.535821006848,165.431523343176,"lsf_4_std"
"Early Post","S",254.230562380505,8.71465496900136,6.34909282906823,233.187578260055,275.273546500956,"lsf_4_std"
"Mid Post","S",193.881190309789,10.2007389094091,12.1442561202218,171.68493500537,216.077445614208,"lsf_4_std"
"Late Post","S",223.364655497454,8.24268448058925,5.19811761746271,202.416768840384,244.312542154524,"lsf_4_std"
"Pre","U",153.325288549639,10.8090180388727,8.96508033475733,128.859065124108,177.791511975169,"lsf_4_std"
"Early Post","U",194.875649225888,12.2478663083825,14.1074718601672,168.625350721665,221.125947730111,"lsf_4_std"
"Mid Post","U",172.479085261491,14.6962691699954,24.6831492743216,142.191839168317,202.766331354664,"lsf_4_std"
"Late Post","U",190.659996744069,10.6741286129699,6.68405254562262,165.175808607986,216.144184880153,"lsf_4_std"
"Pre","S",160.906769620206,11.6296644854349,6.67527514332647,133.133458273307,188.680080967105,"lsf_8_std"
"Early Post","S",144.649282430235,11.0617413438151,5.43911998954267,116.890977404297,172.407587456174,"lsf_8_std"
"Mid Post","S",138.657216960128,11.7013247592193,6.82427233714202,110.842888078409,166.471545841848,"lsf_8_std"
"Late Post","S",165.315983149055,10.8678169267122,5.08077864998136,137.51243665495,193.11952964316,"lsf_8_std"
"Pre","U",162.389030488057,13.0793238100574,6.01523109153035,130.404711325583,194.373349650531,"lsf_8_std"
"Early Post","U",139.661632934484,13.7305233389079,7.26923659338521,107.436295011667,171.886970857301,"lsf_8_std"
"Mid Post","U",148.721287587517,14.9546985440339,10.0302824853719,115.413773895976,182.028801279059,"lsf_8_std"
"Late Post","U",123.941351426392,13.0524995483814,5.81967628164448,91.7616096732832,156.121093179501,"lsf_8_std"
"Pre","S",-31.7134927862627,11.1614819570657,6.98322997026319,-58.1190576826849,-5.30792788984036,"mfcc_11_mean"
"Early Post","S",17.0080392581265,10.5356050384253,5.510007066531,-9.33770526520672,43.3537837814597,"mfcc_11_mean"
"Mid Post","S",7.8285264275949,11.2399314523586,7.15746925552101,-18.6316090861499,34.2886619413397,"mfcc_11_mean"
"Late Post","S",-6.60509651738721,10.3210991061943,5.09247395207598,-32.9920709900685,19.7818779552941,"mfcc_11_mean"
"Pre","U",-15.4879097244045,12.504041922887,6.19858346758482,-45.8481559481627,14.8723364993538,"mfcc_11_mean"
"Early Post","U",-23.6945473410077,13.2184283540996,7.68943563169138,-54.3919246821357,7.00283000012019,"mfcc_11_mean"
"Mid Post","U",-34.1501736475461,14.5486583747229,10.9925038518771,-66.1742192100851,-2.12612808500712,"mfcc_11_mean"
"Late Post","U",-51.262557257479,12.4724895023667,5.93375811054234,-81.8644171851549,-20.660697329803,"mfcc_11_mean"
"Pre","S",41.7954911987221,8.50697727132347,5.93807198612404,20.9269316427292,62.6640507547149,"mfcc_2_mean"
"Early Post","S",84.1096450181803,8.25537498268003,5.25792948975516,63.1978499387571,105.021440097604,"mfcc_2_mean"
"Mid Post","S",30.5577489167316,8.539269859904,6.02355681097582,9.68270028408879,51.4327975493744,"mfcc_2_mean"
"Late Post","S",75.2727816282364,8.17032330493515,5.04915724175716,54.3316494874271,96.2139137690457,"mfcc_2_mean"
"Pre","U",59.5226456839075,9.66718114593701,5.5727052936846,35.4212103074133,83.6240810604017,"mfcc_2_mean"
"Early Post","U",39.9880552275122,9.95908474022706,6.26592253288056,15.8675655651626,64.1085448898617,"mfcc_2_mean"
"Mid Post","U",20.4102135970971,10.522549453273,7.75397759355892,-3.98949492325235,44.8099221174465,"mfcc_2_mean"
"Late Post","U",36.5830935324004,9.65719303607986,5.5024871278151,12.4250941813704,60.7410928834304,"mfcc_2_mean"
"Pre","S",32.5240643498132,1.71478074166,10.4077289347951,28.7234869277771,36.3246417718492,"mfcc_2_std"
"Early Post","S",36.6760413861982,1.51578517679302,6.15462552291818,32.9895197423697,40.3625630300266,"mfcc_2_std"
"Mid Post","S",50.9311359372663,1.73825407599471,10.7928537018044,47.0962865408737,54.7659853336589,"mfcc_2_std"
"Late Post","S",34.9796190800559,1.44568668350135,5.1796179201462,31.3017923280912,38.6574458320205,"mfcc_2_std"
"Pre","U",35.4737259428013,1.86085064455282,8.20395472894088,31.201094983826,39.7463569017765,"mfcc_2_std"
"Early Post","U",41.2479744782713,2.07868470592082,12.3478557026588,36.7330200828133,45.7629288737292,"mfcc_2_std"
"Mid Post","U",37.2418803039485,2.45616035197743,21.2333984266893,32.13743178411,42.346328823787,"mfcc_2_std"
"Late Post","U",29.6113189837766,1.84356074563667,6.62567754921791,25.2015640240945,34.0210739434587,"mfcc_2_std"
"Pre","S",35.1864762429243,11.2774118818699,6.01208757141077,7.60508653441742,62.7678659514312,"mfcc_6_mean"
"Early Post","S",51.0941020691387,10.9205132586298,5.27690782616211,23.4593684977425,78.7288356405348,"mfcc_6_mean"
"Mid Post","S",58.1365920357778,11.3231371376131,6.10412338841205,30.5440351142427,85.7291489573129,"mfcc_6_mean"
"Late Post","S",101.666453637746,10.79973481787,5.05258378986147,73.9915284352789,129.341378840213,"mfcc_6_mean"
"Pre","U",18.1922038828096,12.8011385707771,5.61739565642351,-13.6555484598672,50.0399562254863,"mfcc_6_mean"
"Early Post","U",82.7345329160116,13.2146922478876,6.36641696937686,50.8451540697414,114.623911762282,"mfcc_6_mean"
"Mid Post","U",85.9267585910944,14.0106412296771,7.97960232546196,53.603780763626,118.249736418563,"mfcc_6_mean"
"Late Post","U",79.2063212025979,12.7867023479733,5.53727928819016,47.2735465742845,111.139095830911,"mfcc_6_mean"
"Pre","S",-39.7033738155316,11.098327298249,6.04453985193695,-66.8115697290603,-12.5951779020029,"mfcc_7_mean"
"Early Post","S",-25.9978221702307,10.7371336802824,5.28517084347649,-53.1565306434177,1.16088630295629,"mfcc_7_mean"
"Mid Post","S",4.59204060519018,11.1445668079705,6.1394368110265,-22.5283031876745,31.7123843980549,"mfcc_7_mean"
"Late Post","S",35.4907335352287,10.614843765454,5.05406740011457,8.29197362453952,62.6894934459179,"mfcc_7_mean"
"Pre","U",-5.03727342135289,12.5917575074487,5.63697035168681,-36.3356394987232,26.2610926560174,"mfcc_7_mean"
"Early Post","U",4.99538957998575,13.0100626703142,6.41049952451527,-26.3514091796871,36.3421883396586,"mfcc_7_mean"
"Mid Post","U",22.856519347144,13.8141391976747,8.0787933254937,-8.94494399981247,54.6579826941005,"mfcc_7_mean"
"Late Post","U",-7.20446828531733,12.5770284708147,5.55232031951534,-38.5909626129847,24.1820260423501,"mfcc_7_mean"
"Pre","S",-0.335400080713105,0.0549425542539601,8.43103689345335,-0.460979160936298,-0.209821000489913,"plpcc_10_mean"
"Early Post","S",0.0374866089075665,0.0502571327025869,5.8112888550442,-0.0864626890651701,0.161435906880303,"plpcc_10_mean"
"Mid Post","S",-0.0506101511401532,0.0555134663961794,8.71138127003293,-0.176827434654418,0.0756071323741119,"plpcc_10_mean"
"Late Post","S",-0.176994452445607,0.0486282848234072,5.13771566770547,-0.300996319645107,-0.0529925852461065,"plpcc_10_mean"
"Pre","U",-0.00943109927968233,0.0605983051570285,7.05203446842105,-0.152509265333876,0.133647066774512,"plpcc_10_mean"
"Early Post","U",-0.180341346768211,0.0658438247588165,9.6658808765495,-0.327740848878143,-0.0329418446582787,"plpcc_10_mean"
"Mid Post","U",-0.289929520044619,0.0752622247457063,15.4834037322241,-0.449912040885081,-0.129946999204158,"plpcc_10_mean"
"Late Post","U",-0.311879164945716,0.0602909151767596,6.34245762876123,-0.457496177941694,-0.166262151949738,"plpcc_10_mean"
"Pre","S",-0.0925494780744918,0.0437412375479258,8.54341148546535,-0.19231103836629,0.00721208221730608,"plpcc_12_mean"
"Early Post","S",-0.284287173373765,0.0399239592287949,5.83271818408181,-0.382660770621416,-0.185913576126114,"plpcc_12_mean"
"Mid Post","S",-0.114485079385861,0.0442054307158739,8.83102663397636,-0.214777142433006,-0.0141930163387161,"plpcc_12_mean"
"Late Post","S",-0.0375873329534352,0.0385956934341428,5.14064565753135,-0.135989814607686,0.0608151487008152,"plpcc_12_mean"
"Pre","U",-0.00662247220931976,0.0481929316138757,7.11782583163223,-0.120199348392271,0.106954403973631,"plpcc_12_mean"
"Early Post","U",-0.0590930152460535,0.0524606239807047,9.81905749205539,-0.176275200666954,0.0580891701748467,"plpcc_12_mean"
"Mid Post","U",-0.00949075691693921,0.0601051315690322,15.8250412572699,-0.137022528702904,0.118041014869026,"plpcc_12_mean"
"Late Post","U",0.101836790515073,0.0479379378127518,6.36625937942767,-0.0138465407041978,0.217520121734345,"plpcc_12_mean"
"Pre","S",0.449875999431678,0.0466343308672387,7.05347878898936,0.339772591324494,0.559979407538862,"plpcc_1_std"
"Early Post","S",0.628869788984413,0.043945009626814,5.52581185705632,0.519063351090333,0.738676226878493,"plpcc_1_std"
"Mid Post","S",0.480578250714677,0.0469709201428095,7.23335719537496,0.370231943940665,0.590924557488689,"plpcc_1_std"
"Late Post","S",0.629548819905898,0.043022558204518,5.09502852108103,0.519573354614184,0.739524285197611,"plpcc_1_std"
"Pre","U",0.626626023994075,0.0521990849820234,6.24030187311169,0.500082301009621,0.753169746978529,"plpcc_1_std"
"Early Post","U",0.454636267425571,0.0552656070298081,7.78533722731226,0.326579301883325,0.582693232967816,"plpcc_1_std"
"Mid Post","U",0.416918000911844,0.0609638633023215,11.212275248736,0.283046732086097,0.550789269737591,"plpcc_1_std"
"Late Post","U",0.518013971507822,0.0520615493402162,5.95834619389782,0.390407763047383,0.645620179968261,"plpcc_1_std"
"Pre","S",0.475746964678004,0.030650051969303,7.39894653927637,0.404055826777423,0.547438102578587,"plpcc_4_std"
"Early Post","S",0.509529505126005,0.0286512168706804,5.6016560347937,0.438196100436237,0.580862909815774,"plpcc_4_std"
"Mid Post","S",0.45192103572824,0.0308984487810448,7.60587552297267,0.380021268894326,0.523820802562155,"plpcc_4_std"
"Late Post","S",0.513780756056394,0.0279630095462721,5.10701446266879,0.442350236879252,0.585211275233536,"plpcc_4_std"
"Pre","U",0.405916917403108,0.0341689577796713,6.44493962061346,0.323687924237458,0.488145910568758,"plpcc_4_std"
"Early Post","U",0.506841186141715,0.0364370810675232,8.25709902463657,0.423270346314026,0.590412025969404,"plpcc_4_std"
"Mid Post","U",0.485957966388136,0.040611252248892,12.2925852051218,0.397706669629673,0.574209263146599,"plpcc_4_std"
"Late Post","U",0.440332769317474,0.0340595483274264,6.07179789938026,0.357230359997578,0.52343517863737,"plpcc_4_std"
"Pre","S",0.125715828200442,0.00542270415925526,14.8757669740408,0.114149194991339,0.137282461409545,"pncc_4_std"
"Early Post","S",0.133831238829885,0.00453249347741693,6.73729195080175,0.123028291262351,0.144634186397419,"pncc_4_std"
"Mid Post","S",0.136640162426552,0.00552207405152054,15.2922092614663,0.12488969860076,0.148390626252345,"pncc_4_std"
"Late Post","S",0.154579742733443,0.00421441315753975,5.2211140281149,0.143882801183022,0.165276684283863,"pncc_4_std"
"Pre","U",0.120449335722196,0.00574095273750997,10.8043020810189,0.107785604089637,0.133113067354755,"pncc_4_std"
"Early Post","U",0.14864901942527,0.00667614514893326,18.2667478908623,0.134637626038709,0.162660412811832,"pncc_4_std"
"Mid Post","U",0.140214012228509,0.00821486255826601,31.7001582814698,0.123474675256167,0.15695334920085,"pncc_4_std"
"Late Post","U",0.126300540000656,0.00561932713059263,6.55296701017951,0.112826959948504,0.139774120052808,"pncc_4_std"
"Pre","S",-0.0854678539534677,0.0131973178120308,6.94301767768011,-0.11672654652564,-0.0542091613812954,"pncc_6_mean"
"Early Post","S",-0.0570090351132442,0.0124694449677885,5.50090000561994,-0.0882044528946274,-0.0258136173318609,"pncc_6_mean"
"Mid Post","S",-0.0511334769193487,0.0132886297641767,7.11400863562254,-0.082454296672064,-0.0198126571666333,"pncc_6_mean"
"Late Post","S",0.0106327474985368,0.0122200988351202,5.09099313190736,-0.0206118935697129,0.0418773885667865,"pncc_6_mean"
"Pre","U",-0.0880208145495559,0.0147920755194288,6.17468551737061,-0.123968948210051,-0.052072680889061,"pncc_6_mean"
"Early Post","U",-0.0620382211918959,0.015623368085896,7.634545620146,-0.0983681791148922,-0.0257082632688996,"pncc_6_mean"
"Mid Post","U",-0.0419646068307976,0.017173143035939,10.8667232352499,-0.0798190762008859,-0.00411013746070932,"pncc_6_mean"
"Late Post","U",-0.00166592596136662,0.0147556842773064,5.91944660115617,-0.0378912214464191,0.0345593695236858,"pncc_6_mean"
"Pre","S",0.0884557879616964,0.00287042907614336,34.8109732353158,0.0826273757922401,0.0942842001311527,"pncc_7_std"
"Early Post","S",0.0899194507433586,0.00211928807053942,7.96377922089007,0.0850284920071774,0.0948104094795398,"pncc_7_std"
"Mid Post","S",0.0853727761202777,0.00294974905495841,31.1757425062768,0.0793580975011988,0.0913874547393566,"pncc_7_std"
"Late Post","S",0.0864486309062397,0.00185779198658237,5.01781393786913,0.0816781194662755,0.0912191423462039,"pncc_7_std"
"Pre","U",0.0723613759515478,0.00289932657837743,23.6894128903614,0.0663733055659225,0.0783494463371731,"pncc_7_std"
"Early Post","U",0.091169495468345,0.00359853813211155,43.0002797276848,0.0839123530539376,0.0984266378827524,"pncc_7_std"
"Mid Post","U",0.0782647983641531,0.00463089969441485,51.7169322546501,0.068971007479696,0.0875585892486103,"pncc_7_std"
"Late Post","U",0.0912175989239489,0.00262128028897125,3.97587829086429,0.0839223112192805,0.0985128866286173,"pncc_7_std"
"Pre","S",0.0539464254223432,0.00292625360940536,11.0322299739811,0.0475080795693612,0.0603847712753252,"pncc_9_std"
"Early Post","S",0.0598365623783669,0.00256272063875209,6.25013425070967,0.0536261446273121,0.0660469801294218,"pncc_9_std"
"Mid Post","S",0.0600636800821734,0.00296874828907727,11.4395913073502,0.0535600134738967,0.0665673466904502,"pncc_9_std"
"Late Post","S",0.0710190980516097,0.00243426773844327,5.18921843866578,0.0648296235733114,0.077208572529908,"pncc_9_std"
"Pre","U",0.0521462454322041,0.00316199292402505,8.56653778166222,0.0449377668084745,0.0593547240559337,"pncc_9_std"
"Early Post","U",0.0646208593107603,0.00355739406543414,13.1881723868196,0.0569467086393508,0.0722950099821697,"pncc_9_std"
"Mid Post","U",0.0594767047887061,0.0042363818103161,22.9157685180443,0.0507112985336128,0.0682421110437993,"pncc_9_std"
"Late Post","U",0.0636346154433383,0.00312792377100922,6.6642055273715,0.0561620259322122,0.0711072049544645,"pncc_9_std"
"Pre","S",16.2021014946163,0.296225860871771,10.2600497277914,15.5443297352943,16.8598732539383,"ppq5"
"Early Post","S",16.4244079306056,0.262450486548725,6.13121626330356,15.7855315900853,17.0632842711258,"ppq5"
"Mid Post","S",14.1509620388606,0.300218832477443,10.6391221015723,13.4874399412539,14.8144841364672,"ppq5"
"Late Post","S",15.0327772398265,0.25056216564581,5.17712008054767,14.3952584252026,15.6702960544503,"ppq5"
"Pre","U",16.278196221492,0.321800606484989,8.11816574066079,15.5379986257553,17.0183938172288,"ppq5"
"Early Post","U",15.4094322341502,0.358831133256025,12.1485862151982,14.62866559037,16.1901988779303,"ppq5"
"Mid Post","U",14.9673852727851,0.423145590727875,20.8253887802865,14.0869563689093,15.8478141766609,"ppq5"
"Late Post","U",14.8968142267563,0.318920328111185,6.61341534360448,14.133658530897,15.6599699226155,"ppq5"
"Pre","S",17.1688896043297,1.29902752328515,5.31191539121333,13.8877566854825,20.450022523177,"s_contrast_band_1_mean"
"Early Post","S",19.0422611884984,1.28527460097504,5.08955621883018,15.75576721578,22.3287551612167,"s_contrast_band_1_mean"
"Mid Post","S",16.8215105938741,1.30082105806407,5.34075457272696,13.5408061330988,20.1022150546493,"s_contrast_band_1_mean"
"Late Post","S",17.7804986501996,1.28067256019147,5.01760946765946,14.491897068994,21.0691002314053,"s_contrast_band_1_mean"
"Pre","U",17.3389350269981,1.49141841346778,5.19184951886784,13.5473429104891,21.130527143507,"s_contrast_band_1_mean"
"Early Post","U",18.0461334262827,1.50755251985053,5.41902058262336,14.2592639416436,21.8330029109218,"s_contrast_band_1_mean"
"Mid Post","U",18.8203427365362,1.53958003374112,5.88913477183368,15.0358681159178,22.6048173571545,"s_contrast_band_1_mean"
"Late Post","U",21.9404870046779,1.49095913472426,5.18012324434733,18.1475938365987,25.7333801727571,"s_contrast_band_1_mean"
"Pre","S",30.7672258811838,1.15419987376657,6.28520659427027,27.9737769429407,33.5606748194269,"s_contrast_band_5_mean"
"Early Post","S",34.3297669285377,1.10917303069465,5.34537399235017,31.5330757909609,37.1264580661145,"s_contrast_band_5_mean"
"Mid Post","S",33.7296976726089,1.15993158239957,6.40109750840817,30.934005532849,36.5253898123689,"s_contrast_band_5_mean"
"Late Post","S",40.2363952075105,1.09387628786395,5.06472426535469,37.435270657948,43.037519757073,"s_contrast_band_5_mean"
"Pre","U",31.6535885792603,1.30495528036791,5.78177519353469,28.431035028339,34.8761421301815,"s_contrast_band_5_mean"
"Early Post","U",34.533233724734,1.35689816204971,6.73776681688366,31.299190275998,37.7672771734701,"s_contrast_band_5_mean"
"Mid Post","U",36.5830988328681,1.45585026246484,8.8187900494569,33.2793921104822,39.886805555254,"s_contrast_band_5_mean"
"Late Post","U",34.5961050517357,1.30300871999827,5.65986592389889,31.3607306402017,37.8314794632698,"s_contrast_band_5_mean"
"Pre","S",63.6552999206622,3.96747262423413,5.26430019674516,53.6086887609191,73.7019110804053,"s_contrast_band_7_mean"
"Early Post","S",64.3516701298164,3.93166936400784,5.07614377859868,54.2904213530041,74.4129189066287,"s_contrast_band_7_mean"
"Mid Post","S",59.9645214932669,3.9721477396595,5.28875758090808,49.9192140102806,70.0098289762532,"s_contrast_band_7_mean"
"Late Post","S",59.7631419780431,3.91969887578926,5.01500856919321,49.696298274894,69.8299856811923,"s_contrast_band_7_mean"
"Pre","U",53.6794235016721,4.55892327280672,5.16266286335214,42.0705309901732,65.288316013171,"s_contrast_band_7_mean"
"Early Post","U",54.2918259387886,4.60096318063209,5.35491106795765,42.6966015385765,65.8870503390007,"s_contrast_band_7_mean"
"Mid Post","U",54.1766625208895,4.68461604328625,5.7513663547657,42.5926207447235,65.7607042970556,"s_contrast_band_7_mean"
"Late Post","U",59.7588332174427,4.55774464576407,5.15349058904815,48.1469595596915,71.370706875194,"s_contrast_band_7_mean"
"Pre","S",0.542346422169842,0.0148558826026342,6.21378231877411,0.506296404044146,0.578396440295538,"s_entropy_mean"
"Early Post","S",0.50887827820354,0.0143043372530109,5.32770185410352,0.472777779507499,0.544978776899581,"s_entropy_mean"
"Mid Post","S",0.491664779526218,0.0149262085537293,6.32348523325098,0.45558981839041,0.527739740662026,"s_entropy_mean"
"Late Post","S",0.47146758300111,0.0141171485783944,5.06162393302222,0.435310782652765,0.507624383349455,"s_entropy_mean"
"Pre","U",0.538692397705853,0.0168133504925716,5.73886522648709,0.497093538335315,0.580291257076391,"s_entropy_mean"
"Early Post","U",0.488783165949794,0.017450341767202,6.6405813680171,0.447062574158571,0.530503757741018,"s_entropy_mean"
"Mid Post","U",0.482116459849888,0.0186669806701951,8.59843605542887,0.439586274859346,0.52464664484043,"s_entropy_mean"
"Late Post","U",0.587061535881542,0.0167899087167395,5.62867728852729,0.545312103294267,0.628810968468818,"s_entropy_mean"
"Pre","S",0.0491065593512371,0.00193101662050687,6.59577091312656,0.0444830847663696,0.0537300339361045,"s_flux_mean"
"Early Post","S",0.0516895864374576,0.00184046415213711,5.42038148279726,0.0470667827517193,0.0563123901231959,"s_flux_mean"
"Mid Post","S",0.0595643803043459,0.00194246259926979,6.73811906513918,0.0549347485068234,0.0641940121018685,"s_flux_mean"
"Late Post","S",0.0616213593787145,0.00180957481688869,5.07762273307064,0.0569910066247081,0.066251712132721,"s_flux_mean"
"Pre","U",0.0490501853088961,0.00217398916232308,5.96776360488452,0.0437236522644822,0.0543767183533099,"s_flux_mean"
"Early Post","U",0.0558266462787378,0.00227794510425408,7.16082846023893,0.0504645896252293,0.0611887029322462,"s_flux_mean"
"Mid Post","U",0.0575336982676898,0.00247387631182862,9.78247764954002,0.0520048992462928,0.0630624972890869,"s_flux_mean"
"Late Post","U",0.0408309901729538,0.00216978624997181,5.7885193044263,0.0354743388359619,0.0461876415099456,"s_flux_mean"
"Pre","S",0.0335182838163929,0.0029003065666113,7.89964494122282,0.0268153468274293,0.0402212208053564,"s_logdist_std"
"Early Post","S",0.0315574800681928,0.00268169912742425,5.70635832814824,0.0249128718887995,0.0382020882475861,"s_logdist_std"
"Mid Post","S",0.0356302734763948,0.00292720752853224,8.14364064643573,0.0289007890622541,0.0423597578905355,"s_logdist_std"
"Late Post","S",0.0290368634677412,0.00260605699606926,5.12280335455041,0.022385795487226,0.0356879314482564,"s_logdist_std"
"Pre","U",0.0297371603877452,0.00321577927148612,6.74016382970337,0.0220732201250837,0.0374011006504067,"s_logdist_std"
"Early Post","U",0.0208599511109424,0.00346217707217648,8.94085397856585,0.0130200575543087,0.028699844667576,"s_logdist_std"
"Mid Post","U",0.0168022250274342,0.00390993262086846,13.8505290365493,0.00840775534883337,0.025196694706035,"s_logdist_std"
"Late Post","U",0.024419030298813,0.00320266580008092,6.21527471071559,0.0166477175705293,0.0321903430270967,"s_logdist_std"
"Pre","S",13684.1615620813,2781.60160848101,5.38191636568841,6683.78183849004,20684.5412856725,"ucla_flux"
"Early Post","S",16060.821500835,2745.85295338475,5.10911074365918,9047.48111495499,23074.1618867149,"ucla_flux"
"Mid Post","S",4082.85670026645,2786.25496588526,5.41718149729033,-2916.67583527133,11082.3892358042,"ucla_flux"
"Late Post","S",11974.7838654199,2733.87603351384,5.02137835232464,4956.12151903948,18993.4462118004,"ucla_flux"
"Pre","U",21039.3402520234,3189.6576561121,5.23469588094606,12949.4094150167,29129.27108903,"ucla_flux"
"Early Post","U",13574.1829277098,3231.54121472081,5.51335641921282,5494.5802835534,21653.7855718662,"ucla_flux"
"Mid Post","U",14798.1684909608,3314.39747671368,6.09287938101114,6718.00390992734,22878.3330719942,"ucla_flux"
"Late Post","U",18154.802615483,3188.43880635193,5.21872035918324,10060.9088432711,26248.696387695,"ucla_flux"
"Pre","S",0.0298786529975848,0.00180266305050404,13.6157895187795,0.0260020648089822,0.0337552411861874,"zcr_std"
"Early Post","S",0.0383269683218926,0.00152742704326606,6.5940660051697,0.0346696116278854,0.0419843250158999,"zcr_std"
"Mid Post","S",0.0257439740831565,0.00183380218957259,14.0543815346188,0.0218122868383573,0.0296756613279558,"zcr_std"
"Late Post","S",0.0315862092184686,0.00142932242185866,5.21505109410075,0.0279571257721874,0.0352152926647497,"zcr_std"
"Pre","U",0.041258935268302,0.00191957397510441,10.0680248951152,0.0369857717874501,0.0455320987491539,"zcr_std"
"Early Post","U",0.0277453670565103,0.00221180812265943,16.6201462246069,0.0230707221528619,0.0324200119601588,"zcr_std"
"Mid Post","U",0.0234533819576402,0.00269848824807661,29.1125410909076,0.0179352803816716,0.0289714835336087,"zcr_std"
"Late Post","U",0.0356129091804779,0.00188588054341483,6.64105387579008,0.0311041810736104,0.0401216372873453,"zcr_std"
