"Estimate","Std. Error","df","t value","Pr(>|t|)","feature","term"
-0.769163192214245,0.8401508408994,5.91824155560862,-0.91550606720912,0.395696351927523,"Schlegel21_HNR","(Intercept)"
3.39394665119179,0.290693073273341,1476.13463635941,11.6753612770141,3.45490658804726e-30,"Schlegel21_HNR","StageEarly Post"
1.28179725563863,0.353769687075743,1475.2808434769,3.62325349645967,0.000300789057801813,"Schlegel21_HNR","StageMid Post"
4.44518209194091,0.276210199794373,1475.61241477129,16.093475531498,8.17411589713255e-54,"Schlegel21_HNR","StageLate Post"
1.37090463209768,1.27378711609122,5.74438940856244,1.07624312946772,0.324928443806849,"Schlegel21_HNR","TreatmentU"
-2.14180864587974,0.50356627591914,1476.74148779713,-4.25328054776977,0.0000223895174524676,"Schlegel21_HNR","StageEarly Post:TreatmentU"
0.164603857575642,0.624037795460114,1477.44628129594,0.263772256701658,0.791992197888981,"Schlegel21_HNR","StageMid Post:TreatmentU"
-4.87132403367018,0.444665475014004,1469.74825828525,-10.9550309331229,6.67919138341737e-27,"Schlegel21_HNR","StageLate Post:TreatmentU"
705.769776104184,182.903968120797,6.13101954079616,3.85869034639022,0.00803312629439539,"Schlegel21_PF","(Intercept)"
41.2181102108785,71.6540471324754,1476.7539552953,0.575237713156294,0.56521817198592,"Schlegel21_PF","StageEarly Post"
-202.230607147102,87.2078376684056,1475.81129273276,-2.31894990810405,0.020533748765244,"Schlegel21_PF","StageMid Post"
124.778996885518,68.086960766478,1476.19311902431,1.83264160245719,0.0670572109380001,"Schlegel21_PF","StageLate Post"
-213.978681419439,276.719682278871,5.9009990757637,-0.773268744952506,0.469195790851043,"Schlegel21_PF","TreatmentU"
269.51953200271,124.118786959347,1477.3673814832,2.17146443826418,0.0300547755043373,"Schlegel21_PF","StageEarly Post:TreatmentU"
594.202431025406,153.744592106414,1475.27670278303,3.86486719880287,0.00011597356752273,"Schlegel21_PF","StageMid Post:TreatmentU"
151.241494651929,109.497038759593,1458.3643455015,1.38123821762877,0.167417319380634,"Schlegel21_PF","StageLate Post:TreatmentU"
12.4657916616892,0.407946512311963,17.7522537811207,30.5574169295911,8.44576112204375e-17,"ddgfcc_0_std","(Intercept)"
0.950864848519104,0.390397947317775,1413.41495364981,2.43562973384469,0.014988794310417,"ddgfcc_0_std","StageEarly Post"
4.25883072733405,0.475792451032816,1409.80811177961,8.95102626804879,1.0842267451009e-18,"ddgfcc_0_std","StageMid Post"
3.18261833080168,0.371146807171072,1393.29905303335,8.57509284549692,2.59324915317602e-17,"ddgfcc_0_std","StageLate Post"
2.18121021288255,0.587844140483097,14.4417893899966,3.71052471678973,0.00221877682611592,"ddgfcc_0_std","TreatmentU"
-1.74609546918294,0.674518679834822,1344.81628041268,-2.58865398599566,0.00973910008402847,"ddgfcc_0_std","StageEarly Post:TreatmentU"
-5.10293153195015,0.819863275034181,697.482749096531,-6.22412503077101,0.00000000083558510911897,"ddgfcc_0_std","StageMid Post:TreatmentU"
-7.82848446202377,0.570602133301676,292.104014212604,-13.7196901398279,2.09843294077057e-33,"ddgfcc_0_std","StageLate Post:TreatmentU"
45.492970067965,1.14025148160699,11.5547054522243,39.8973128312452,0.0000000000000967982016196316,"ddmfcc_7_std","(Intercept)"
1.26604016083817,0.848902004172446,1471.77167760894,1.4913855246135,0.136074600352648,"ddmfcc_7_std","StageEarly Post"
1.45592038224159,1.03405598034353,1475.8529625169,1.4079705643769,0.159350384725053,"ddmfcc_7_std","StageMid Post"
1.90411801895291,0.807034499528335,1473.96621718722,2.35940101701445,0.0184342530080458,"ddmfcc_7_std","StageLate Post"
-1.19862239755991,1.68144792605852,10.079733183714,-0.712851334248335,0.492110251585683,"ddmfcc_7_std","TreatmentU"
3.17411610086491,1.46907566866294,1462.1178306446,2.16062124543509,0.0308866025943054,"ddmfcc_7_std","StageEarly Post:TreatmentU"
0.104376881185055,1.8068966969386,1279.52238518305,0.0577658265477483,0.953944178675869,"ddmfcc_7_std","StageMid Post:TreatmentU"
-0.650337671399488,1.2762225613335,953.45043224443,-0.509580139940454,0.610463562111652,"ddmfcc_7_std","StageLate Post:TreatmentU"
0.157673962304952,0.00401107037448102,53.607731691729,39.3096973087523,3.29542009392275e-41,"dpncc_1_std","(Intercept)"
0.00667121254378456,0.00429947558659066,1391.33963202177,1.55163400964316,0.120977242149142,"dpncc_1_std","StageEarly Post"
-0.00507504181798622,0.00523400845976908,1281.21775107324,-0.9696281267016,0.332414893164766,"dpncc_1_std","StageMid Post"
0.00667211589254527,0.00408147949180112,1275.37601151575,1.63472973610384,0.102352492606042,"dpncc_1_std","StageLate Post"
0.0200360688943491,0.00570580400066375,44.8159248733634,3.51152421149032,0.00102907447886064,"dpncc_1_std","TreatmentU"
-0.0363289640053993,0.00741467644670921,1307.15334870938,-4.89960206173566,0.00000108041449409669,"dpncc_1_std","StageEarly Post:TreatmentU"
-0.0439824619583681,0.0088857792945302,574.768468954203,-4.94975854120552,0.000000977708748903232,"dpncc_1_std","StageMid Post:TreatmentU"
-0.0263231724072402,0.00606866877422004,206.798428260737,-4.33755299334545,0.0000225128869445494,"dpncc_1_std","StageLate Post:TreatmentU"
0.0502160923714327,0.000806866973552382,30.6073999319362,62.235900114175,8.56018047491113e-34,"dpncc_8_std","(Intercept)"
-0.00228819096459179,0.000893253557114671,1268.82253832327,-2.56163655477953,0.0105327574751238,"dpncc_8_std","StageEarly Post"
0.000561524588571603,0.0010859366053869,916.151824758896,0.517087816900272,0.605219667573878,"dpncc_8_std","StageMid Post"
-0.00228366851817689,0.000846838526058519,941.231286873477,-2.69669889584013,0.00712814681467481,"dpncc_8_std","StageLate Post"
-0.00428429738732203,0.00114455192527877,27.154666378795,-3.74320927928067,0.000863572806906287,"dpncc_8_std","TreatmentU"
0.00703070272452407,0.0015392321623864,1108.56903830767,4.56766880028272,0.0000054838742799181,"dpncc_8_std","StageEarly Post:TreatmentU"
0.00332688044705664,0.00183243775949376,280.731373779513,1.81554894829046,0.0705064140822255,"dpncc_8_std","StageMid Post:TreatmentU"
0.00261386958612708,0.00124003829307255,81.3473081885373,2.10789424869329,0.0381184715281224,"dpncc_8_std","StageLate Post:TreatmentU"
1785.05773972305,238.920771413787,6.05121070949157,7.47133758676641,0.000285095841151166,"e_std","(Intercept)"
356.884055308049,91.8872788098798,1476.64926176495,3.88393322699721,0.000107321626180191,"e_std","StageEarly Post"
-616.550995824757,111.831820044828,1475.70933578336,-5.51319826126062,0.0000000415358542992396,"e_std","StageMid Post"
356.89560707558,87.3123355505637,1476.08719254207,4.08757370679768,0.0000459378186517364,"e_std","StageLate Post"
37.7398928147347,361.595530264058,5.83226948522475,0.104370462729932,0.920371683663887,"e_std","TreatmentU"
66.175813440831,159.168237836664,1477.27213696825,0.415760168864467,0.677645892950015,"e_std","StageEarly Post:TreatmentU"
964.487444669941,197.17456840907,1475.73841094853,4.89154079277078,0.00000111000331556878,"e_std","StageMid Post:TreatmentU"
-365.35379373854,140.439843284809,1460.47944927349,-2.60149673478068,0.00937559647247647,"e_std","StageLate Post:TreatmentU"
-982.788808434244,2.84770193821711,7.17406848975435,-345.116458729367,2.09415160792578e-16,"gfcc_0_mean","(Intercept)"
-0.280382168598561,1.45121594062998,1477.93072849738,-0.193204995031163,0.846824974068209,"gfcc_0_mean","StageEarly Post"
-16.0720852834485,1.76661083279681,1477.25933392257,-9.09769428844948,2.89916299028051e-19,"gfcc_0_mean","StageMid Post"
-13.091932712761,1.37915565254042,1477.60956823531,-9.49271584294747,8.6817328634959e-21,"gfcc_0_mean","StageLate Post"
0.908577946180926,4.27947272966629,6.72444214917282,0.212310722272502,0.838156091330216,"gfcc_0_mean","TreatmentU"
-0.0121749427122996,2.51328651074185,1477.9009685834,-0.00484423190920078,0.996135531042099,"gfcc_0_mean","StageEarly Post:TreatmentU"
11.5689508922871,3.10846134096921,1456.4023781457,3.72176122630497,0.000205367678587168,"gfcc_0_mean","StageMid Post:TreatmentU"
16.1417325740148,2.20997803780118,1388.78232342086,7.30402397576538,0.000000000000468956993871532,"gfcc_0_mean","StageLate Post:TreatmentU"
58.3907262802853,4.97595091742694,7.48438188610627,11.7345864638229,0.00000436882877384362,"gfcc_1_std","(Intercept)"
13.2704460189406,2.65466508136463,1477.9971313492,4.99891534796507,0.000000645319164603418,"gfcc_1_std","StageEarly Post"
2.10119302195391,3.231776475358,1477.50853644048,0.650166568751061,0.515685709336303,"gfcc_1_std","StageMid Post"
10.1671460613722,2.52292689765752,1477.80515855568,4.02990117185406,0.0000586404546719796,"gfcc_1_std","StageLate Post"
19.2274843581395,7.46591189845835,6.97197119739265,2.57536984358331,0.0368454136456082,"gfcc_1_std","TreatmentU"
-32.7690025013277,4.59724291489702,1477.6543094862,-7.12796846021389,0.0000000000015875376486397,"gfcc_1_std","StageEarly Post:TreatmentU"
-25.1336162883959,5.68372411959008,1449.12580321663,-4.42203311764692,0.0000105071697810657,"gfcc_1_std","StageMid Post:TreatmentU"
-20.1604950452866,4.03906229212363,1365.20996556043,-4.99138007467737,0.000000676741950343039,"gfcc_1_std","StageLate Post:TreatmentU"
41.7658892308575,2.47713975770639,9.41846356138428,16.8605300128601,0.0000000236626389981969,"gfcc_4_std","(Intercept)"
4.53322752196463,1.70951940260962,1474.89868262437,2.65175552558488,0.0080932584024147,"gfcc_4_std","StageEarly Post"
4.6269394216819,2.08202682817315,1477.42376264001,2.22232459210997,0.0264123089929359,"gfcc_4_std","StageMid Post"
14.4160286340897,1.6250673406269,1476.47625094203,8.87103461726604,2.04740923709781e-18,"gfcc_4_std","StageLate Post"
-0.943975728717553,3.6712992435708,8.36972643578473,-0.257123068998161,0.803292460966899,"gfcc_4_std","TreatmentU"
5.37314090365762,2.9591090537413,1468.8788796691,1.81579685171257,0.0696053443690789,"gfcc_4_std","StageEarly Post:TreatmentU"
3.08892449674766,3.64580858162669,1337.82518980737,0.847253614003356,0.397005315872785,"gfcc_4_std","StageMid Post:TreatmentU"
-9.86773344952642,2.58033137325521,1072.6922746931,-3.82421170854416,0.000138750229825422,"gfcc_4_std","StageLate Post:TreatmentU"
-62.591195323961,8.64597984227971,6.20966645546743,-7.23934088047299,0.000301382062349242,"gfcc_6_mean","(Intercept)"
21.3016394882092,3.7882829449305,1477.3075676773,5.62303286155413,0.0000000224023382643451,"gfcc_6_mean","StageEarly Post"
25.2211237045251,4.6109534784182,1476.32968119656,5.4698282736041,0.0000000528350469119086,"gfcc_6_mean","StageMid Post"
58.7019288126973,3.59986784952297,1476.75084147833,16.3066899304307,4.27384696775768e-55,"gfcc_6_mean","StageLate Post"
0.814505734732307,13.0489419541744,5.91950075562569,0.0624192932724133,0.952283101180111,"gfcc_6_mean","TreatmentU"
-4.85129817862109,6.56159070416479,1477.82970128925,-0.739347880315343,0.459813199853101,"gfcc_6_mean","StageEarly Post:TreatmentU"
-5.16163653632346,8.12349083661006,1470.33908363737,-0.635396363477332,0.525268810382521,"gfcc_6_mean","StageMid Post:TreatmentU"
-14.113016843506,5.78205438794989,1437.57599334848,-2.44083087023848,0.01477352054282,"gfcc_6_mean","StageLate Post:TreatmentU"
-62.195712113433,16.8521743272092,5.41611616915381,-3.69066394079563,0.0122522388648734,"gfcc_7_mean","(Intercept)"
27.7004263221291,4.55670365648938,1475.00305851951,6.07904933266395,0.0000000015367596688485,"gfcc_7_mean","StageEarly Post"
11.4887960450243,5.54495121597384,1474.36207645802,2.07193816456446,0.038444726525946,"gfcc_7_mean","StageMid Post"
-10.6573831595294,4.32943252612317,1474.59952169781,-2.46161202310563,0.0139451940847756,"gfcc_7_mean","StageLate Post"
59.6099263447643,25.6250453661319,5.31844733191393,2.32623690975196,0.064428646785174,"gfcc_7_mean","TreatmentU"
-98.2074591030024,7.89415685333349,1475.48987588563,-12.440525432622,7.36249856963844e-34,"gfcc_7_mean","StageEarly Post:TreatmentU"
-92.4870962518129,9.78842123159901,1477.79136545383,-9.44862241453666,1.29235519387829e-20,"gfcc_7_mean","StageMid Post:TreatmentU"
-46.9269984549434,6.97949138422807,1477.31087827942,-6.72355561051152,0.0000000000252634949116454,"gfcc_7_mean","StageLate Post:TreatmentU"
49.7201950526688,1.73652538580648,22.9485178698864,28.632000118776,1.84428269676361e-19,"gfcc_7_std","(Intercept)"
2.87773932656415,1.73339390775227,1395.45857329036,1.66017620905094,0.0971036774291507,"gfcc_7_std","StageEarly Post"
2.50068188501817,2.11231742520355,1368.49915664299,1.18385705442789,0.236675241489782,"gfcc_7_std","StageMid Post"
-2.25095162514826,1.64751549314973,1349.85816522016,-1.36627038380372,0.172081665756917,"gfcc_7_std","StageLate Post"
-9.49290561329593,2.49020969468242,18.5813371893202,-3.81209085868031,0.00121667978169523,"gfcc_7_std","TreatmentU"
7.98098298317849,2.99327412424726,1311.27074135118,2.66630540735575,0.00776329607247637,"gfcc_7_std","StageEarly Post:TreatmentU"
5.82764445357606,3.62358086196001,604.955146474787,1.60825566630901,0.108300921276131,"gfcc_7_std","StageMid Post:TreatmentU"
18.6767530016249,2.50867275029181,232.836888451697,7.44487418673974,0.00000000000187161184384111,"gfcc_7_std","StageLate Post:TreatmentU"
-18.7592538820826,6.74569266973664,8.23819535606257,-2.78092329439239,0.0232253951698762,"gfcc_8_mean","(Intercept)"
13.4330247170533,4.29316709236802,1476.87134952421,3.12893125938033,0.00178874308516034,"gfcc_8_mean","StageEarly Post"
-47.0223829856582,5.22783723820252,1477.97635627835,-8.99461495129215,7.0849336562833e-19,"gfcc_8_mean","StageMid Post"
-72.0872153788348,4.08073265086994,1477.69302715137,-17.6652629677828,1.64478210836805e-63,"gfcc_8_mean","StageLate Post"
1.83281882791333,10.0435328083547,7.4488354142056,0.182487463613272,0.860068170122175,"gfcc_8_mean","TreatmentU"
-58.6611273923352,7.43269179227874,1473.61669393559,-7.89231264146776,5.74386972866368e-15,"gfcc_8_mean","StageEarly Post:TreatmentU"
-4.71140188232032,9.17034349780729,1387.42529060329,-0.513765038730213,0.60749808272784,"gfcc_8_mean","StageMid Post:TreatmentU"
16.6117918257679,6.50106951065638,1189.7775406257,2.55523984146583,0.0107350025257219,"gfcc_8_mean","StageLate Post:TreatmentU"
18.8681199415674,0.481928720571636,7.84481745042549,39.1512668495604,0.000000000279995832510946,"jit_factor","(Intercept)"
0.6411392914344,0.287967397178539,1477.64514373991,2.22643013659249,0.0261356594208028,"jit_factor","StageEarly Post"
-1.45753121788622,0.3506244367431,1477.95297255347,-4.15695845795867,0.0000341026464690729,"jit_factor","StageMid Post"
-1.37577552351825,0.273701923062812,1477.98397125307,-5.02654679266729,0.000000560316818309212,"jit_factor","StageLate Post"
1.26429725400352,0.719747304318468,7.17755445359009,1.75658491031194,0.121353220123789,"jit_factor","TreatmentU"
-2.39543058083525,0.4986108912274,1475.85262284074,-4.80420829745327,0.0000017118040625414,"jit_factor","StageEarly Post:TreatmentU"
-1.33039430999575,0.615710170507754,1416.71055496132,-2.16074765972864,0.0308820066110657,"jit_factor","StageMid Post:TreatmentU"
-1.74898865304632,0.436934227525522,1268.02696434593,-4.00286483151324,0.0000662072264436008,"jit_factor","StageLate Post:TreatmentU"
0.218076898508396,0.0242479238223672,9.79297826968591,8.99363178909503,0.00000481916242322244,"lpc_11_mean","(Intercept)"
-0.0682508225066194,0.0160648787927584,1476.26656287319,-4.24844926544886,0.0000228722288152286,"lpc_11_mean","StageEarly Post"
-0.0588987610846678,0.0195638372085864,1477.83136915958,-3.01059349741561,0.0026515811272511,"lpc_11_mean","StageMid Post"
-0.112055914425512,0.0152705844153992,1477.32240605233,-7.33802396668668,0.000000000000356254752594922,"lpc_11_mean","StageLate Post"
-0.143185966602128,0.0360236677405926,8.78224307437783,-3.97477479620381,0.00339303992970433,"lpc_11_mean","TreatmentU"
0.0855815859089524,0.0278104591855684,1472.27090671272,3.07731653540489,0.00212726714290537,"lpc_11_mean","StageEarly Post:TreatmentU"
0.079833922053794,0.0342899492721231,1376.23551283107,2.3282018127305,0.0200456749447895,"lpc_11_mean","StageMid Post:TreatmentU"
0.219558680780131,0.0242903997784664,1163.66464295916,9.03890766650829,6.44314899450049e-19,"lpc_11_mean","StageLate Post:TreatmentU"
-0.359349937056887,0.11343188101477,5.50201558984615,-3.16798005853485,0.0217991550446624,"lpc_4_mean","(Intercept)"
0.0592151060728773,0.0318059149287784,1475.16586355483,1.86176395822837,0.0628351094168268,"lpc_4_mean","StageEarly Post"
-0.0377788434863959,0.0387043158477327,1474.49547219341,-0.976088652103352,0.329180642358632,"lpc_4_mean","StageMid Post"
0.0620907712297965,0.0302197593287251,1474.74507737493,2.05464148653152,0.0400895109386994,"lpc_4_mean","StageLate Post"
0.153803764874487,0.172422553815761,5.39538645088302,0.892016511011843,0.410398551719583,"lpc_4_mean","TreatmentU"
0.0577851982228202,0.0551009460256438,1475.67210390044,1.04871517443506,0.294480952260262,"lpc_4_mean","StageEarly Post:TreatmentU"
-0.0179460368224659,0.0683182600848871,1477.90086107729,-0.262682872780535,0.792831630807085,"lpc_4_mean","StageMid Post:TreatmentU"
0.0243731553016569,0.0487096121020833,1476.86087463677,0.50037670697473,0.616884404370834,"lpc_4_mean","StageLate Post:TreatmentU"
0.0283127534828389,0.0126156286071836,13.1396731598761,2.24426022391917,0.0426563800847633,"lpcc_10_mean","(Intercept)"
0.0828254065820352,0.0100727490097798,1466.14615244761,8.22272117587944,4.33428843870895e-16,"lpcc_10_mean","StageEarly Post"
0.0326882589563956,0.0122718728425681,1472.20456327049,2.66367321237295,0.00781358568830379,"lpcc_10_mean","StageMid Post"
-0.0670800993623999,0.00957669369128496,1468.71578464321,-7.00451549614086,0.00000000000376123823533111,"lpcc_10_mean","StageLate Post"
0.000527471576993745,0.0185035844049571,11.2454114722522,0.0285064539631811,0.977757843400688,"lpcc_10_mean","TreatmentU"
-0.0793335151757912,0.0174265786633559,1450.19201284449,-4.55244352367407,0.00000574610720992206,"lpcc_10_mean","StageEarly Post:TreatmentU"
-0.0118492195690441,0.0213893662166599,1186.37733812721,-0.553977123446271,0.579698899019056,"lpcc_10_mean","StageMid Post:TreatmentU"
-0.0219787898638765,0.0150695024592529,792.112219232751,-1.4584947262397,0.145100613044566,"lpcc_10_mean","StageLate Post:TreatmentU"
0.321656007198431,0.0934246746728691,5.61073321054463,3.44294489999269,0.0152948567227275,"lpcc_2_mean","(Intercept)"
-0.180286232408446,0.0276672910759736,1475.40557469101,-6.51622278138417,0.0000000000986777289951587,"lpcc_2_mean","StageEarly Post"
0.227114596843411,0.0336686484017445,1474.68735272572,6.7455810561033,0.0000000000218244085326475,"lpcc_2_mean","StageMid Post"
-0.12163371037777,0.0262878196857261,1474.95708586784,-4.62699880902693,0.00000403524396757167,"lpcc_2_mean","StageLate Post"
-0.0764848164767636,0.14192979635697,5.48956174417483,-0.538891891906866,0.611095842743714,"lpcc_2_mean","TreatmentU"
0.265302356912386,0.0479304466864023,1475.94228592912,5.53515302388473,0.0000000367463171299928,"lpcc_2_mean","StageEarly Post:TreatmentU"
-0.142422480154056,0.0594211102842669,1477.99319069349,-2.39683303581363,0.0166610236809716,"lpcc_2_mean","StageMid Post:TreatmentU"
-0.0782837957168611,0.0423607209740475,1475.8659391908,-1.84802793523798,0.064798259879506,"lpcc_2_mean","StageLate Post:TreatmentU"
0.0775448056265575,0.0518139818334765,5.35913450258143,1.49660000800125,0.190907394568128,"lpcc_4_mean","(Intercept)"
0.0401126298542272,0.0125113421852493,1474.64844247926,3.2061012527912,0.0013743094525684,"lpcc_4_mean","StageEarly Post"
0.0726132923408001,0.0152243468103443,1474.11605364974,4.76955059191522,0.00000202917139256665,"lpcc_4_mean","StageMid Post"
0.110351736301327,0.0118871098978289,1474.31070629621,9.28331085098171,5.68085168872779e-20,"lpcc_4_mean","StageLate Post"
-0.0470006843621464,0.0788601687016029,5.28194646912293,-0.596000302002791,0.575799397554468,"lpcc_4_mean","TreatmentU"
0.0834632661498893,0.0216754919092331,1475.05822268651,3.85058233046772,0.000122880066191643,"lpcc_4_mean","StageEarly Post:TreatmentU"
-0.0460632261901394,0.0268814873606243,1477.31638313055,-1.71356687121458,0.0868180892004996,"lpcc_4_mean","StageMid Post:TreatmentU"
-0.00649925185568707,0.019171348211911,1477.96525279039,-0.339008596779289,0.734651412868478,"lpcc_4_mean","StageLate Post:TreatmentU"
-0.0919458454829041,0.0493390392824448,5.29609506607884,-1.86355159768219,0.118157193426284,"lpcc_5_mean","(Intercept)"
0.172207351741437,0.0108419371546303,1474.3841710398,15.8834486204241,1.45700737259906e-52,"lpcc_5_mean","StageEarly Post"
0.19340934869753,0.0131926933834259,1473.92956599284,14.6603383461115,1.57445004344844e-45,"lpcc_5_mean","StageMid Post"
0.203493710171473,0.0103008721176601,1474.09438162682,19.754998202783,2.9849677148171e-77,"lpcc_5_mean","StageLate Post"
0.199213459030921,0.0751403381514096,5.23285457333053,2.65121855892505,0.0433581328379012,"lpcc_5_mean","TreatmentU"
-0.26492780518801,0.0187835931414958,1474.73675035736,-14.1042133521698,1.80453189184594e-42,"lpcc_5_mean","StageEarly Post:TreatmentU"
-0.310851115488653,0.0232977864150499,1476.84424218101,-13.3425171795656,1.99486486713591e-38,"lpcc_5_mean","StageMid Post:TreatmentU"
-0.338900480441048,0.0166177730254599,1477.9417205972,-20.3938566209697,1.16545095584608e-81,"lpcc_5_mean","StageLate Post:TreatmentU"
-0.0542235633387072,0.023334243853013,6.39243765961478,-2.32377632119867,0.0565339161310372,"lpcc_6_mean","(Intercept)"
0.0054771375319011,0.0108602377578461,1477.59971186059,0.504329431272723,0.614105092137406,"lpcc_6_mean","StageEarly Post"
-0.0455420017250524,0.0132193304804592,1476.67604432916,-3.44510652732168,0.000586823845843133,"lpcc_6_mean","StageMid Post"
-0.0375381049147601,0.0103204098672296,1477.09494754817,-3.63726880983234,0.000285017578056449,"lpcc_6_mean","StageLate Post"
0.0250982300368832,0.0351623134155666,6.05638824140002,0.71378210359083,0.501929720573191,"lpcc_6_mean","TreatmentU"
-0.0981021423915652,0.0188098791878308,1477.97727872637,-5.21545839885209,0.000000209368461271151,"lpcc_6_mean","StageEarly Post:TreatmentU"
-0.049362185698693,0.0232791630346269,1465.82281635117,-2.12044503598641,0.0341360941235189,"lpcc_6_mean","StageMid Post:TreatmentU"
-0.162459811530966,0.0165627073226264,1420.66360273827,-9.80877149891,5.06937034030422e-22,"lpcc_6_mean","StageLate Post:TreatmentU"
0.136091145292307,0.00537672291306151,11.5065063007617,25.311169553057,0.0000000000189457313767017,"lpcc_7_std","(Intercept)"
-0.0044567484824105,0.00400322199349521,1471.73975020187,-1.11329036702242,0.265765535775955,"lpcc_7_std","StageEarly Post"
0.0131356842193361,0.00487636550115715,1475.84089371338,2.69374480157795,0.00714548053201733,"lpcc_7_std","StageMid Post"
-0.0158413789545532,0.00380578504840248,1473.94453252315,-4.1624471043636,0.000033307281668985,"lpcc_7_std","StageLate Post"
-0.0195847242223964,0.00792862574201186,10.0374318917877,-2.47012847618998,0.0330156096772501,"lpcc_7_std","TreatmentU"
0.00470934538304846,0.00692781302821665,1462.03876811318,0.67977374156426,0.496755348169751,"lpcc_7_std","StageEarly Post:TreatmentU"
-0.0162180120318806,0.00852087920074499,1278.68388972137,-1.90332612982738,0.0572223724276821,"lpcc_7_std","StageMid Post:TreatmentU"
0.0170670380436605,0.00601833574200902,951.805258450203,2.8358401350941,0.00466740674024255,"lpcc_7_std","StageLate Post:TreatmentU"
-0.0672056790248452,0.0113819952979976,13.0116605003636,-5.90456042770184,0.0000517803685138423,"lpcc_8_mean","(Intercept)"
0.0533268332452636,0.00919377046397925,1464.42694894271,5.80032245249059,0.00000000809664279186497,"lpcc_8_mean","StageEarly Post"
-0.0697143327170751,0.0112013300844677,1471.02425394974,-6.22375487476658,0.000000000631705184478934,"lpcc_8_mean","StageMid Post"
-0.00673850289535306,0.00874110055189899,1467.05009318438,-0.770898682076038,0.440891122322619,"lpcc_8_mean","StageLate Post"
0.109416796023565,0.016678074223352,11.0983883569709,6.56051739297117,0.000039076232729053,"lpcc_8_mean","TreatmentU"
-0.147360065923815,0.0159050056385882,1446.5172840225,-9.26501186307626,6.83491223880997e-20,"lpcc_8_mean","StageEarly Post:TreatmentU"
-0.0610079644914313,0.0195138722680132,1159.21163593755,-3.12638945533299,0.00181369430500161,"lpcc_8_mean","StageMid Post:TreatmentU"
-0.0772967342284465,0.0137413645819454,750.845028452442,-5.62511341340915,0.000000026167318215265,"lpcc_8_mean","StageLate Post:TreatmentU"
0.15708877047518,0.0131218082642152,11.0115261838828,11.9715794738123,0.000000117973130594664,"lpcc_9_mean","(Intercept)"
-0.0411260172685104,0.0102303040995797,1467.08633119857,-4.02001904031379,0.0000611492204595892,"lpcc_9_mean","StageEarly Post"
-0.18693531220656,0.0124630616073939,1473.20626105487,-14.999148531502,1.9559171861269e-47,"lpcc_9_mean","StageMid Post"
-0.16429882555627,0.00972624929197589,1469.9614311233,-16.8923107586617,1.20835170935718e-58,"lpcc_9_mean","StageLate Post"
-0.0613964085261093,0.0192829181229866,9.48605553314057,-3.18397911221333,0.0104068789030619,"lpcc_9_mean","TreatmentU"
-0.00479435921623549,0.0177010212650774,1451.79032903049,-0.270852124543477,0.786543270210329,"lpcc_9_mean","StageEarly Post:TreatmentU"
0.124804068698009,0.0217430453363095,1192.81328265044,5.73995347788723,0.0000000120013214115461,"lpcc_9_mean","StageMid Post:TreatmentU"
0.043559422934038,0.0153330843097407,801.789363172387,2.84087806824135,0.00461299478632281,"lpcc_9_mean","StageLate Post:TreatmentU"
1561.45494650114,50.9536627186839,5.91034018942784,30.6446065540363,0.0000000968728088830719,"lsf_3_mean","(Intercept)"
33.6421047468616,17.6884502184578,1476.14636028673,1.9019249471475,0.0573754677213421,"lsf_3_mean","StageEarly Post"
-227.78634816241,21.5266471048777,1475.28778197981,-10.5815990317784,2.84370639501353e-25,"lsf_3_mean","StageMid Post"
5.24509087430856,16.8071950005588,1475.62151218783,0.31207413694755,0.755028271006874,"lsf_3_mean","StageLate Post"
158.415380093823,77.249077364027,5.73558109169243,2.05070902461799,0.0883244866871355,"lsf_3_mean","TreatmentU"
-222.416265810465,30.6415801659004,1476.75565496821,-7.25864216552325,0.000000000000629635475294835,"lsf_3_mean","StageEarly Post:TreatmentU"
13.5216714522409,37.9717824317505,1477.41344619565,0.356097886016923,0.72181810204208,"lsf_3_mean","StageMid Post:TreatmentU"
-48.824820972129,27.0569245041944,1469.52143415141,-1.80452220150004,0.0713541409917393,"lsf_3_mean","StageLate Post:TreatmentU"
143.483672175012,10.0333273814389,13.7123553473876,14.300706706775,0.00000000125331319449758,"lsf_4_std","(Intercept)"
110.746890205494,7.80103862995314,1469.49795764598,14.1964288934894,5.80782190137722e-43,"lsf_4_std","StageEarly Post"
50.3975181347773,9.50354430516399,1474.31661621466,5.30302343173089,0.000000131244570479628,"lsf_4_std","StageMid Post"
79.8809833224422,7.41665372581339,1471.78520951389,10.7704884541689,4.32580716155331e-26,"lsf_4_std","StageLate Post"
9.84161637462673,14.747454976082,11.8247556754094,0.667343374879816,0.517364754495224,"lsf_4_std","TreatmentU"
-69.1965295292442,13.4979298876263,1457.47673256623,-5.12645495311673,0.00000033485136879525,"lsf_4_std","StageEarly Post:TreatmentU"
-31.2437214229251,16.5815745812005,1244.91159118857,-1.88424333708018,0.0597649051525698,"lsf_4_std","StageMid Post:TreatmentU"
-42.5462751280117,11.6944330431949,890.035970058826,-3.63816484055802,0.000290385128782192,"lsf_4_std","StageLate Post:TreatmentU"
160.906769620206,11.6280207454032,6.5982581158463,13.8378467963961,0.00000404817924338362,"lsf_8_std","(Intercept)"
-16.2574871899706,5.64815859623685,1477.7784408918,-2.87836945669378,0.00405486930768145,"lsf_8_std","StageEarly Post"
-22.2495526600776,6.8753416434313,1476.93722332805,-3.23613775343583,0.00123843666154536,"lsf_8_std","StageMid Post"
4.40921352884933,5.36753745938017,1477.33908607472,0.821459293431461,0.411517243939038,"lsf_8_std","StageLate Post"
1.4822608678509,17.5007722107813,6.22134832875165,0.0846968836573823,0.935162459723995,"lsf_8_std","TreatmentU"
-6.46991036360216,9.78221841607024,1477.9964579173,-0.661395001462386,0.508462120355485,"lsf_8_std","StageEarly Post:TreatmentU"
8.58180975953821,12.1030818954207,1461.5882086715,0.709059876954579,0.47840040356546,"lsf_8_std","StageMid Post:TreatmentU"
-42.8568925905137,8.60831417373196,1405.73333039593,-4.97854652206937,0.000000719858622950681,"lsf_8_std","StageLate Post:TreatmentU"
-31.7134927862627,11.1593660919257,7.22613957200615,-2.84187224659731,0.0241557231220364,"mfcc_11_mean","(Intercept)"
48.7215320443892,5.79498627053707,1477.96738804368,8.40753191980794,9.72230345428758e-17,"mfcc_11_mean","StageEarly Post"
39.5420192138576,7.0545663138878,1477.35800049672,5.60516656226112,0.0000000247867127770593,"mfcc_11_mean","StageMid Post"
25.1083962688754,5.5073049825117,1477.69223212134,4.55910764858792,0.0000055609808715898,"mfcc_11_mean","StageLate Post"
16.2255830618582,16.7594568971375,6.75646037776506,0.968144920294493,0.366340904656911,"mfcc_11_mean","TreatmentU"
-56.9281696609924,10.0358363057762,1477.81897044264,-5.67248886156376,0.0000000169047885145092,"mfcc_11_mean","StageEarly Post:TreatmentU"
-58.2042831369992,12.4105362713194,1453.3975650312,-4.6899087891559,0.00000298998957879658,"mfcc_11_mean","StageMid Post:TreatmentU"
-60.8830438019499,8.82177374955953,1378.7910225335,-6.90145151421389,0.00000000000782577040626379,"mfcc_11_mean","StageLate Post:TreatmentU"
41.7954911987221,8.50655491365054,5.8555763785939,4.91332761887571,0.00286353545994759,"mfcc_2_mean","(Intercept)"
42.3141538194582,3.2351587500805,1476.54948585063,13.0794675279553,4.54614435511536e-37,"mfcc_2_mean","StageEarly Post"
-11.2377422819905,3.93733879917293,1475.58827696717,-2.85414663435899,0.00437554515954413,"mfcc_2_mean","StageMid Post"
33.4772904295143,3.07407205479949,1475.97302204396,10.8902100642849,1.2807020222427e-26,"mfcc_2_mean","StageLate Post"
17.7271544851854,12.8769319981649,5.64830131295124,1.37665978881551,0.220691456956493,"mfcc_2_mean","TreatmentU"
-61.8487442758535,5.60401235327619,1477.1928236296,-11.0365110526025,2.86567607856646e-27,"mfcc_2_mean","StageEarly Post:TreatmentU"
-27.87468980482,6.94244427323564,1475.9388023075,-4.01511178307644,0.000062403039861913,"mfcc_2_mean","StageMid Post:TreatmentU"
-56.4168425810214,4.94508132011243,1461.25606171226,-11.4086784279088,6.09698217347304e-29,"mfcc_2_mean","StageLate Post:TreatmentU"
32.5240643498132,1.71314423509641,10.0663884036588,18.9850122853099,0.00000000325972813354938,"mfcc_2_std","(Intercept)"
4.15197703638497,1.25384423900389,1472.11374278569,3.31139778548849,0.000950797365669126,"mfcc_2_std","StageEarly Post"
18.4070715874531,1.52725839700934,1476.17600428224,12.0523623399272,5.65782857597266e-32,"mfcc_2_std","StageMid Post"
2.45555473024269,1.19198197531953,1474.38281680331,2.0600602870563,0.0395679415878236,"mfcc_2_std","StageLate Post"
2.94966159298806,2.52928743044807,8.81907798867159,1.16620260610931,0.274100505674089,"mfcc_2_std","TreatmentU"
1.62227149908504,2.16997772227296,1462.60173358935,0.747598227591841,0.454822710173073,"mfcc_2_std","StageEarly Post:TreatmentU"
-16.6389172263058,2.67011510288208,1279.32331857944,-6.23153556501968,0.00000000062574797904386,"mfcc_2_std","StageMid Post:TreatmentU"
-8.31796168926732,1.88688593113757,952.073873264806,-4.40830129262374,0.0000116037920495989,"mfcc_2_std","StageLate Post:TreatmentU"
35.1864762429243,11.2767679090165,6.1129966225715,3.12026251908496,0.0200786967452945,"mfcc_6_mean","(Intercept)"
15.9076258262143,4.43348396771525,1476.76722197113,3.5880643624865,0.000344021234815801,"mfcc_6_mean","StageEarly Post"
22.9501157928535,5.3958625669665,1475.819040871,4.25328026947058,0.0000223903908496757,"mfcc_6_mean","StageMid Post"
66.4799773948217,4.21278173106199,1476.20368441861,15.7805416085639,5.83444429267042e-52,"mfcc_6_mean","StageLate Post"
-16.9942723601148,17.0597085185851,5.8820420122432,-0.996164286253834,0.358368438155637,"mfcc_6_mean","TreatmentU"
48.6347032069878,7.67964431104239,1477.38190563875,6.33293694827207,0.000000000318457340170714,"mfcc_6_mean","StageEarly Post:TreatmentU"
44.7844389154314,9.51255274882039,1475.16520085194,4.70793067833289,0.0000027374637194238,"mfcc_6_mean","StageMid Post:TreatmentU"
-5.46586007503333,6.774734966412,1457.82434938629,-0.806800576278208,0.419912987973743,"mfcc_6_mean","StageLate Post:TreatmentU"
-39.7033738155316,11.0976557703845,5.97827350882017,-3.5776360915325,0.0117482718337817,"mfcc_7_mean","(Intercept)"
13.7055516453009,4.42327488340903,1476.80665519439,3.09850778135181,0.00198166690659537,"mfcc_7_mean","StageEarly Post"
44.2954144207218,5.3834833922402,1475.82684235789,8.22802100301258,4.1342999444768e-16,"mfcc_7_mean","StageMid Post"
75.1941073507603,4.20310337936251,1476.22672929968,17.8901398714026,6.12488682680842e-65,"mfcc_7_mean","StageLate Post"
34.6661003941787,16.784198144453,5.7462202698882,2.0654010454253,0.0864905758222629,"mfcc_7_mean","TreatmentU"
-3.67288864396227,7.66190227018472,1477.43200458347,-0.479370333168413,0.631746141510029,"mfcc_7_mean","StageEarly Post:TreatmentU"
-16.4016216522249,9.49002942579366,1474.66426931652,-1.72830039995932,0.0841437105458462,"mfcc_7_mean","StageMid Post:TreatmentU"
-77.3613022147247,6.75824702079162,1455.36986233716,-11.4469479994922,4.11263918279553e-29,"mfcc_7_mean","StageLate Post:TreatmentU"
-0.335400080713105,0.0549166201778869,7.68897065124524,-6.1074421482362,0.000336574515844654,"plpcc_10_mean","(Intercept)"
0.372886689620672,0.0348294828677844,1476.85680902405,10.7060644866931,8.20336957393854e-26,"plpcc_10_mean","StageEarly Post"
0.284789929572952,0.0424119877560837,1477.9816486703,6.71484513319236,0.0000000000267678540092212,"plpcc_10_mean","StageMid Post"
0.158405628267498,0.0331059370229408,1477.70213854262,4.78481029423004,0.00000188268324114756,"plpcc_10_mean","StageLate Post"
0.325968981433423,0.0817790297708297,6.95678745578581,3.98597271631725,0.00535057202681608,"plpcc_10_mean","TreatmentU"
-0.5437969371092,0.0603001489382339,1473.48443096252,-9.0181690540469,5.79911439085885e-19,"plpcc_10_mean","StageEarly Post:TreatmentU"
-0.565288350337889,0.074401291780699,1383.6293155512,-7.59782977967776,0.0000000000000552095454353509,"plpcc_10_mean","StageMid Post:TreatmentU"
-0.460853693933532,0.0527480377885514,1179.12378940981,-8.73688791573508,8.08168558144942e-18,"plpcc_10_mean","StageLate Post:TreatmentU"
-0.0925494780744918,0.0437194994505543,8.82567863251773,-2.1168924447354,0.0639545173567153,"plpcc_12_mean","(Intercept)"
-0.191737695299273,0.0280307610015411,1476.81545375713,-6.84026007316505,0.0000000000115408549980917,"plpcc_12_mean","StageEarly Post"
-0.021935601311369,0.0341338198071335,1477.96126236215,-0.64263541072496,0.520560375679077,"plpcc_12_mean","StageMid Post"
0.0549621451210566,0.0266439397453724,1477.64977660389,2.06283851586185,0.0393023669034554,"plpcc_12_mean","StageLate Post"
0.085927005865172,0.0650679149650679,7.96850998687406,1.32057414028562,0.223308987236925,"plpcc_12_mean","TreatmentU"
0.13926715226254,0.0485284778751748,1473.55467276566,2.86980260581762,0.00416589486914525,"plpcc_12_mean","StageEarly Post:TreatmentU"
0.0190673166037496,0.0598669598231448,1388.67295239255,0.318494820182569,0.750157516298926,"plpcc_12_mean","StageMid Post:TreatmentU"
0.0534971176033366,0.0424354435747699,1193.90239226313,1.26067063512783,0.207673850506879,"plpcc_12_mean","StageLate Post:TreatmentU"
0.449875999431678,0.0466249451081193,7.55630532116367,9.64882636083439,0.0000163352622076367,"plpcc_1_std","(Intercept)"
0.178993789552735,0.0245409924763957,1477.98647650247,7.29366547522058,0.000000000000489924165587654,"plpcc_1_std","StageEarly Post"
0.0307022512829987,0.0298756087776972,1477.44996330909,1.02766947818378,0.30427354332465,"plpcc_1_std","StageMid Post"
0.17967282047422,0.0233229182703305,1477.75781692578,7.70370235798429,0.0000000000000240822220424417,"plpcc_1_std","StageLate Post"
0.176750024562397,0.0699898011784943,7.05229346144353,2.52536829061185,0.0392600505522779,"plpcc_1_std","TreatmentU"
-0.35098354612124,0.0424997801595461,1477.75128510383,-8.2584790980949,3.23772239423898e-16,"plpcc_1_std","StageEarly Post:TreatmentU"
-0.24041027436523,0.0525501392026665,1452.04353973948,-4.57487416804086,0.00000517088449612401,"plpcc_1_std","StageMid Post:TreatmentU"
-0.288284872960473,0.0373492113622865,1374.85609877479,-7.71863347164459,0.0000000000000224878868725117,"plpcc_1_std","StageLate Post:TreatmentU"
0.475746964678004,0.0306420167159735,7.63736025484384,15.5259677940845,0.000000473207471950624,"plpcc_4_std","(Intercept)"
0.0337825404480009,0.0171090702189146,1477.96744932687,1.9745398210274,0.0485062935782659,"plpcc_4_std","StageEarly Post"
-0.0238259289497643,0.020829699109518,1477.72047549033,-1.14384412489556,0.252873542791684,"plpcc_4_std","StageMid Post"
0.0380337913783897,0.0162605872293312,1477.94286737737,2.33901708726629,0.0194671936345822,"plpcc_4_std","StageLate Post"
-0.0698300472748963,0.0458957376571898,7.06664363918202,-1.52149308060979,0.171546739521217,"plpcc_4_std","TreatmentU"
0.0671417282906057,0.0296270902498967,1477.1852790592,2.26622755472383,0.0235815933683995,"plpcc_4_std","StageEarly Post:TreatmentU"
0.103866977934792,0.0366129956775476,1438.86912965276,2.83688826911497,0.0046194024875564,"plpcc_4_std","StageMid Post:TreatmentU"
-0.00361793946402381,0.0260053403770984,1333.05907043958,-0.139122942117302,0.889374013428673,"plpcc_4_std","StageLate Post:TreatmentU"
0.125715828200442,0.00541049231398304,13.0704773648178,23.2355617390932,0.00000000000514112834752969,"pncc_4_std","(Intercept)"
0.00811541062944291,0.00462405659048414,1453.1403792097,1.75504137344332,0.0794629465056402,"pncc_4_std","StageEarly Post"
0.01092433422611,0.0056345877024415,1461.91059602901,1.9387992170885,0.052718038147742,"pncc_4_std","StageMid Post"
0.0288639145330004,0.00439656435569421,1454.82530636703,6.56510679654154,0.0000000000721443018926017,"pncc_4_std","StageLate Post"
-0.00526649247824644,0.00788829086337214,10.962965980418,-0.667634164290322,0.518174505982932,"pncc_4_std","TreatmentU"
0.0200842730736314,0.00799700666495402,1423.00488484554,2.51147384453841,0.012132841189034,"pncc_4_std","StageEarly Post:TreatmentU"
0.00884034228020298,0.00978903293994281,1011.65155246827,0.90308637578807,0.366695031679888,"pncc_4_std","StageMid Post:TreatmentU"
-0.0230127102545402,0.00687386893795111,562.621768906855,-3.3478540923999,0.000868831837146221,"pncc_4_std","StageLate Post:TreatmentU"
-0.0854678539534677,0.0131949028905131,6.85414407297892,-6.47733861042034,0.000372840771266681,"pncc_6_mean","(Intercept)"
0.0284588188402235,0.00679750854261792,1477.95087248857,4.18665436928795,0.000029980421588894,"pncc_6_mean","StageEarly Post"
0.034334377034119,0.00827491954414116,1477.2812468316,4.14920977188576,0.0000352647089235146,"pncc_6_mean","StageMid Post"
0.0961006014520045,0.00646002398579056,1477.64023065233,14.8761988598474,9.5073160004367e-47,"pncc_6_mean","StageLate Post"
-0.00255296059608821,0.0198218753931508,6.4153717113756,-0.12879510870956,0.901463504696921,"pncc_6_mean","TreatmentU"
-0.00247622548256351,0.0117721208127219,1477.85000370583,-0.210346591065181,0.833426170455758,"pncc_6_mean","StageEarly Post:TreatmentU"
0.0117218306846393,0.0145586235950848,1453.54210709577,0.805146901977511,0.42086659385562,"pncc_6_mean","StageMid Post:TreatmentU"
-0.00974571286381525,0.010349488796434,1378.61675643165,-0.94166127965405,0.346531058602135,"pncc_6_mean","StageLate Post:TreatmentU"
0.0884557879616964,0.00284280352185089,17.7494612401887,31.1156881866056,6.18527630178864e-17,"pncc_7_std","(Intercept)"
0.00146366278166224,0.00293944666496234,1318.99212456477,0.497938200107124,0.618610608936283,"pncc_7_std","StageEarly Post"
-0.0030830118414187,0.00358093560905251,1220.42936959861,-0.860951488104093,0.38943387123986,"pncc_7_std","StageMid Post"
-0.00200715705545666,0.00279265660868317,1195.55006033738,-0.71872676691285,0.47244972942129,"pncc_7_std","StageLate Post"
-0.0160944120101486,0.00405996044739235,14.4244472182669,-3.96417950832152,0.00133757214827245,"pncc_7_std","TreatmentU"
0.017344456735135,0.00507298213947278,1175.70717798808,3.418986359163,0.000650083959848057,"pncc_7_std","StageEarly Post:TreatmentU"
0.00898643425402408,0.0061145192861141,372.035777773748,1.46968777650796,0.142491459143615,"pncc_7_std","StageMid Post:TreatmentU"
0.0208633800278578,0.0042087423145927,120.34299998906,4.95715310379529,0.00000236908820630006,"pncc_7_std","StageLate Post:TreatmentU"
0.0539464254223432,0.00292297070058203,12.0299654268429,18.4560267441618,0.000000000342569045439812,"pncc_9_std","(Intercept)"
0.00589013695602372,0.00220685488470759,1470.99593170983,2.6690187002505,0.0076909842108463,"pncc_9_std","StageEarly Post"
0.00611725465983019,0.00268828346308043,1475.38543989926,2.27552441691569,0.0230173494107859,"pncc_9_std","StageMid Post"
0.0170726726292665,0.00209804704113056,1473.27484536026,8.13741174271606,8.500320034367e-16,"pncc_9_std","StageLate Post"
-0.00180017999013914,0.00430590732002763,10.4558756684167,-0.418072163737975,0.684351244541898,"pncc_9_std","TreatmentU"
0.00658447692253244,0.00381890177618568,1460.48397166004,1.72418074840066,0.0848868227641218,"pncc_9_std","StageEarly Post:TreatmentU"
0.00121320469667179,0.00469532689885047,1266.40739942207,0.258385565650138,0.796151341011729,"pncc_9_std","StageMid Post:TreatmentU"
-0.00558430261813221,0.00331485355586393,928.750999609317,-1.68463026315405,0.0923959007229241,"pncc_9_std","StageLate Post:TreatmentU"
16.2021014946163,0.295954627921694,9.99275040538562,54.7452209427965,0.000000000000101993202363103,"ppq5","(Intercept)"
0.222306435989283,0.214864364385591,1472.60036138943,1.0346361371974,0.301008744838644,"ppq5","StageEarly Post"
-2.05113945575572,0.261712927293419,1476.41693496868,-7.83736392759876,8.74248851989961e-15,"ppq5","StageMid Post"
-1.16932425478981,0.20426148725972,1474.76834576108,-5.7246437910393,0.0000000125372294552891,"ppq5","StageLate Post"
0.076094726875782,0.437190098934268,8.77246446343678,0.174054094686218,0.865773182874743,"ppq5","TreatmentU"
-1.09107042333119,0.371866805077612,1463.68234419597,-2.93403554292368,0.00339797389877052,"ppq5","StageEarly Post:TreatmentU"
0.740328507048738,0.457663253320615,1288.95268207919,1.6176271563802,0.105987644388129,"ppq5","StageMid Post:TreatmentU"
-0.212057739945987,0.323490981432392,970.767164715639,-0.655529062995859,0.512282496107163,"ppq5","StageLate Post:TreatmentU"
17.1688896043297,1.29901958272549,5.28248318148167,13.2168058377591,0.0000300226815951965,"s_contrast_band_1_mean","(Intercept)"
1.87337158416863,0.29730365416746,1474.46699889801,6.30120604946694,0.000000000389110690466074,"s_contrast_band_1_mean","StageEarly Post"
-0.347379010455668,0.361768015981355,1473.97629368899,-0.960225877108969,0.337099029449289,"s_contrast_band_1_mean","StageMid Post"
0.611609045869906,0.282468163428343,1474.15480492624,2.1652317855816,0.0305299171727371,"s_contrast_band_1_mean","StageLate Post"
0.170045422668327,1.97782186418654,5.21408667983808,0.0859761062143308,0.934689916801495,"s_contrast_band_1_mean","TreatmentU"
-1.16617318488397,0.515073606082858,1474.84644667612,-2.26409035740103,0.0237132599529465,"s_contrast_band_1_mean","StageEarly Post:TreatmentU"
1.82878671999376,0.638828452696255,1477.04433310696,2.86271958031164,0.00425948350018016,"s_contrast_band_1_mean","StageMid Post:TreatmentU"
3.98994293180992,0.455636468865384,1477.99544967917,8.7568559684118,5.38515326572341e-18,"s_contrast_band_1_mean","StageLate Post:TreatmentU"
30.7672258811838,1.15409807641347,6.52440148419345,26.6591085367697,0.000000066232146748127,"s_contrast_band_5_mean","(Intercept)"
3.56254104735391,0.502608917086575,1477.31328896767,7.0880975769482,0.0000000000020991597886038,"s_contrast_band_5_mean","StageEarly Post"
2.96247179142512,0.611753526540509,1476.38260628991,4.84259045988343,0.00000141621694572613,"s_contrast_band_5_mean","StageMid Post"
9.46916932632669,0.477609628386867,1476.78173987443,19.8261692468574,9.44636413229696e-78,"s_contrast_band_5_mean","StageLate Post"
0.886362698076424,1.74207772335594,6.22319692755035,0.508796298921115,0.628426860203912,"s_contrast_band_5_mean","TreatmentU"
-0.682895901880132,0.870560128614696,1477.81879093856,-0.784432780038767,0.432911928450675,"s_contrast_band_5_mean","StageEarly Post:TreatmentU"
1.96703846218273,1.07782046933805,1471.07614669522,1.82501494278615,0.0682014763108633,"s_contrast_band_5_mean","StageMid Post:TreatmentU"
-6.5266528538512,0.767188597632357,1440.94491188945,-8.50723391092268,4.39790216022031e-17,"s_contrast_band_5_mean","StageLate Post:TreatmentU"
63.6552999206622,3.96745505992626,5.26648047767121,16.0443657103063,0.0000112936117642813,"s_contrast_band_7_mean","(Intercept)"
0.696370209154218,0.838720775809394,1474.28229799174,0.830276570271193,0.406516859246143,"s_contrast_band_7_mean","StageEarly Post"
-3.69077842739533,1.02056591033288,1473.85646280765,-3.61640379129606,0.000308794924626997,"s_contrast_band_7_mean","StageMid Post"
-3.89215794261905,0.79686109689558,1474.01039241928,-4.88436185149728,0.00000115068391350458,"s_contrast_band_7_mean","StageLate Post"
-9.9758764189901,6.04354791153161,5.20825671556523,-1.65066556351035,0.15737673794161,"s_contrast_band_7_mean","TreatmentU"
-0.0839677720377103,1.45308688656352,1474.61338495112,-0.0577857888706778,0.953927087144502,"s_contrast_band_7_mean","StageEarly Post:TreatmentU"
4.18801744661277,1.80237839366158,1476.64429879005,2.3236061092059,0.0202818014577897,"s_contrast_band_7_mean","StageMid Post:TreatmentU"
9.97156765838968,1.28565686650713,1477.84467588486,7.75601011293194,0.0000000000000162245550018452,"s_contrast_band_7_mean","StageLate Post:TreatmentU"
0.542346422169842,0.0148547009033908,6.08063570643317,36.5100869884256,0.000000023437566780911,"s_entropy_mean","(Intercept)"
-0.0334681439663018,0.00631472858488868,1477.14366623922,-5.30001305937233,0.000000133350201377378,"s_entropy_mean","StageEarly Post"
-0.0506816426436239,0.00768587180848468,1476.14826965105,-6.59413062128812,0.0000000000594062538263825,"s_entropy_mean","StageMid Post"
-0.0708788391687325,0.00600057263343632,1476.56851516043,-11.8120125359007,7.87243394001123e-31,"s_entropy_mean","StageLate Post"
-0.00365402446398894,0.0224354299924592,5.81281852876528,-0.1628684836982,0.876135942992199,"s_entropy_mean","TreatmentU"
-0.0164410877897569,0.0109378100056751,1477.71670713833,-1.50314256521428,0.133015954270295,"s_entropy_mean","StageEarly Post:TreatmentU"
-0.00589429521234115,0.0135435345006866,1471.98064446563,-0.435211001385373,0.663473080152716,"s_entropy_mean","StageMid Post:TreatmentU"
0.119247977344421,0.00964161704935103,1443.99374462019,12.3680474690133,1.80374163492389e-33,"s_entropy_mean","StageLate Post:TreatmentU"
0.0491065593512371,0.00193076607708174,6.43571682765072,25.4337177010378,0.000000106113717830993,"s_flux_mean","(Intercept)"
0.00258302708622052,0.00091959264893706,1477.69761155959,2.80888183393614,0.00503682797251955,"s_flux_mean","StageEarly Post"
0.0104578209531088,0.00111937278341135,1476.80524412566,9.34257211546457,3.34654719560178e-20,"s_flux_mean","StageMid Post"
0.0125148000274775,0.000873893896622656,1477.22057470011,14.3207316996302,1.17695639267629e-43,"s_flux_mean","StageLate Post"
-0.0000563740423410068,0.00290758006479427,6.08184619755255,-0.0193886466012057,0.98515152650458,"s_flux_mean","TreatmentU"
0.00419343388362118,0.00159269875365975,1477.99840279779,2.63291088411125,0.00855390013928317,"s_flux_mean","StageEarly Post:TreatmentU"
-0.00197430799431507,0.00197083558173124,1463.52248440711,-1.00176189866675,0.316624200408974,"s_flux_mean","StageMid Post:TreatmentU"
-0.0207339951634197,0.00140197330355846,1412.35204708889,-14.7891511990943,4.01882201051262e-46,"s_flux_mean","StageLate Post:TreatmentU"
0.0335182838163929,0.00289926452180535,7.67229512724466,11.5609609141567,0.0000039906898668313,"s_logdist_std","(Intercept)"
-0.00196080374820008,0.00173449435118887,1477.62682902127,-1.13047571867622,0.258459283010584,"s_logdist_std","StageEarly Post"
0.00211198966000195,0.00211189616544837,1477.95463669985,1.00004427043105,0.317452783583725,"s_logdist_std","StageMid Post"
-0.00448142034865167,0.0016485718744049,1477.98164018404,-2.71836516091806,0.00663723831800849,"s_logdist_std","StageLate Post"
-0.00378112342864767,0.00432973242353705,7.01813497083429,-0.873292633071951,0.411385672473196,"s_logdist_std","TreatmentU"
-0.00691640552860276,0.00300324290018593,1475.76936161488,-2.30297906578737,0.0214185339987065,"s_logdist_std","StageEarly Post:TreatmentU"
-0.015046925020313,0.00370850183880051,1414.85613750118,-4.05741339073457,0.0000523297011389908,"s_logdist_std","StageMid Post:TreatmentU"
-0.000836709740280554,0.00263166492842184,1262.48259205992,-0.317939313338918,0.750583551191858,"s_logdist_std","StageLate Post:TreatmentU"
13684.1615620813,2781.5764366109,5.40155318517656,4.91957056508365,0.00356129019081972,"ucla_flux","(Intercept)"
2376.65993875371,700.925793716356,1474.78786352296,3.39074401321787,0.000715447188869468,"ucla_flux","StageEarly Post"
-9601.30486181481,852.925438703576,1474.21847057168,-11.2569099549997,2.9339381974069e-28,"ucla_flux","StageMid Post"
-1709.37769666134,665.958480536425,1474.42759293288,-2.56679319600292,0.0103623245857789,"ucla_flux","StageLate Post"
7355.17868994211,4232.14764902359,5.31687168261622,1.73793054966762,0.139223420882131,"ucla_flux","TreatmentU"
-9841.81726306728,1214.32121714951,1475.22420955389,-8.10478901634439,1.09843907898909e-15,"ucla_flux","StageEarly Post:TreatmentU"
3360.13310075221,1505.88189406489,1477.51488177642,2.23133906715757,0.0258082081303701,"ucla_flux","StageMid Post:TreatmentU"
-1175.15993987899,1073.88929422266,1477.8321955733,-1.09430268669327,0.274000571530487,"ucla_flux","StageLate Post:TreatmentU"
0.0298786529975848,0.00179929904817716,14.0631298858274,16.6057182255803,0.000000000122995212231239,"zcr_std","(Intercept)"
0.00844831532430786,0.00148980880930536,1461.5884607824,5.67073793062546,0.0000000171090132125939,"zcr_std","StageEarly Post"
-0.00413467891442827,0.00181524182945803,1468.65591999799,-2.27775652110372,0.0228842516953841,"zcr_std","StageMid Post"
0.00170755622088377,0.00141648598670442,1463.90276261132,1.20548754940848,0.22820995795078,"zcr_std","StageLate Post"
0.0113802822707172,0.00263089151303977,11.909400214749,4.3256372276515,0.00100339892799572,"zcr_std","TreatmentU"
-0.0219618835360995,0.00257700553065046,1440.72131841472,-8.52224928308793,3.88803380084775e-17,"zcr_std","StageEarly Post:TreatmentU"
-0.0136708743962336,0.00315877168799442,1121.41193522682,-4.32790836013652,0.0000163965806730815,"zcr_std","StageMid Post:TreatmentU"
-0.0073535823087079,0.00222181097146579,697.164491860491,-3.30972454594396,0.000981934087070997,"zcr_std","StageLate Post:TreatmentU"
