"feature","Treatment","Stage","n_squeals","n_subjects","mean","sd","median","iqr","min","max","se","ci95_low","ci95_high"
"Schlegel21_HNR","S","Pre",91,4,0.397700302015504,1.4604819804449,0.401742408340227,1.35288101239666,-2.97750703584275,5.06637343254717,0.153100111440598,0.0935402084375577,0.70186039559345
"Schlegel21_HNR","S","Early Post",265,3,4.26203664755307,3.16237799570658,4.01576127968712,4.84146903444444,-1.53688625569034,12.7038242390856,0.194263336034569,3.87953398499914,4.644539310107
"Schlegel21_HNR","S","Mid Post",94,3,2.65354607368393,3.89961011601606,1.41332668115437,2.50360779709684,-3.44302060425741,16.5824989671651,0.402214072578469,1.85482863860218,3.45226350876567
"Schlegel21_HNR","S","Late Post",458,4,5.37234266349585,3.58369506299612,5.45443248321959,5.42709666085535,-2.02710981411349,15.7409967547695,0.167455073193687,5.04326522993217,5.70142009705952
"Schlegel21_HNR","U","Pre",90,3,0.6140297395635,1.96276265152378,0.419502078285768,2.25532237780814,-2.98110217515967,7.723336766295,0.206893349504217,0.202937061029113,1.02512241809789
"Schlegel21_HNR","U","Early Post",56,3,1.87783237864028,1.57187580090493,2.08052736207923,2.05422060309903,-1.6388885703218,6.05790788205692,0.210050739340969,1.45688129023798,2.29878346704258
"Schlegel21_HNR","U","Mid Post",36,3,1.961685114556,1.87187267014759,1.50181799665591,2.38201750444331,-1.33969870683801,6.33109334223374,0.311978778357931,1.3283345231657,2.59503570594629
"Schlegel21_HNR","U","Late Post",396,3,0.0318164696378765,1.28256134380463,-0.197503748695521,1.50065082483216,-5.59115513638089,5.97302028418077,0.0644511325456661,-0.0948936749011983,0.158526614176951
"Schlegel21_PF","S","Pre",91,4,873.323305146695,559.204883660902,964.864864864865,959.60903543172,34.375,1889.0756302521,58.6206000162568,756.863251533618,989.783358759771
"Schlegel21_PF","S","Early Post",265,3,1019.36759237857,811.124576967945,1214.32432432432,1444.52848918007,22.1052631578947,4754.54545454545,49.8269866775413,921.258729119852,1117.4764556373
"Schlegel21_PF","S","Mid Post",94,3,912.805557635052,472.731093498759,1010.78769886089,745.870215877718,25.3886010362694,1930.8,48.7584893601772,815.980860998851,1009.63025427125
"Schlegel21_PF","S","Late Post",458,4,1149.60994038693,674.913563938907,1249.31363352095,493.672666533441,10.2439024390244,4065.75875486381,31.5366397704368,1087.63512958574,1211.58475118811
"Schlegel21_PF","U","Pre",90,3,487.411088364871,547.410488220271,145.780308981409,756.835309712525,18.8118811881188,1859.3137254902,57.7021319280277,372.758181307779,602.063995421964
"Schlegel21_PF","U","Early Post",56,3,914.978391388962,646.105874622209,997.951896959607,1144.25712404185,12.9554655870445,2542.45283018868,86.3395292292224,741.950108245498,1088.00667453243
"Schlegel21_PF","U","Mid Post",36,3,1123.34207998524,454.943244809475,1112.10367226188,532.646010841004,57.6719576719577,1843.19248826291,75.8238741349125,969.411431953299,1277.27272801718
"Schlegel21_PF","U","Late Post",396,3,555.951409452543,554.422424613103,407.835894405043,916.188536439627,8.51063829787234,3106.3829787234,27.8607751181934,501.177463630945,610.725355274141
"ddgfcc_0_std","S","Pre",91,4,12.3968258759288,3.16988038767686,11.8106640436698,3.71604317475184,6.06507754890518,21.1215022282422,0.332293754462385,11.7366663339035,13.0569854179541
"ddgfcc_0_std","S","Early Post",265,3,13.2427509760218,2.87556523713219,12.9358080281709,3.4405929352169,6.58153274268929,26.1689497673238,0.176644568330777,12.8949394996442,13.5905624523993
"ddgfcc_0_std","S","Mid Post",94,3,16.504055034155,3.32677300303194,16.1213680805053,4.0380990096334,9.87042477081942,25.2016272241599,0.343130435680731,15.8226659924229,17.1854440758871
"ddgfcc_0_std","S","Late Post",458,4,15.4658449734986,3.40788590827507,15.0253762022639,3.99657586810719,7.60873716555192,34.1053666307132,0.159240050890054,15.1529114429221,15.7787785040751
"ddgfcc_0_std","U","Pre",90,3,14.6235059162618,5.1615844001178,13.2752527230355,7.36443862958138,6.41393443178854,27.469273681223,0.544078767985538,13.542432993421,15.7045788391027
"ddgfcc_0_std","U","Early Post",56,3,13.7886874312387,3.47831367610653,13.4263006084524,4.03683944096954,6.85353651806678,23.9551752752647,0.464809216418601,12.8571889458502,14.7201859166271
"ddgfcc_0_std","U","Mid Post",36,3,13.9383887743268,2.83165415051347,14.0559978260481,2.7815523409509,8.87018550398684,20.5107128195517,0.471942358418912,12.9802948508234,14.8964826978302
"ddgfcc_0_std","U","Late Post",396,3,10.3136455890239,2.39954194435224,10.0016390509171,2.66157973242636,5.09257630176787,26.4912515816188,0.120581519668731,10.0765837844832,10.5507073935646
"ddmfcc_7_std","S","Pre",91,4,46.0200279294473,5.81238035990603,45.1740645636522,7.89493403556718,34.6973347045654,64.1175341555631,0.609303019654978,44.8095411327248,47.2305147261697
"ddmfcc_7_std","S","Early Post",265,3,47.7398022683535,6.97765016097991,47.3905117891979,10.0925345453861,33.6329453419621,71.9980262792372,0.428633642086559,46.8958267004207,48.5837778362863
"ddmfcc_7_std","S","Mid Post",94,3,48.6666462779192,8.29754993417399,47.4477739761366,10.1862757099731,27.0900756088911,69.451827044116,0.85582692940003,46.9671436087506,50.3661489470878
"ddmfcc_7_std","S","Late Post",458,4,48.709775253207,6.8301567261439,48.1798664264809,9.71881567671257,24.7068497651686,69.4041675923024,0.319152264463194,48.0825872791281,49.3369632272859
"ddmfcc_7_std","U","Pre",90,3,44.2393675351284,6.23976973269995,44.6717868913768,7.46476747653618,26.7695480976769,60.7712424077138,0.657729481010396,42.9324730663235,45.5462620039334
"ddmfcc_7_std","U","Early Post",56,3,49.2180749670337,8.22589141251432,48.9119931682544,11.9272635639059,35.3880671850824,68.8434678509046,1.09923097737266,47.0151668612002,51.4209830728672
"ddmfcc_7_std","U","Mid Post",36,3,47.2607892188132,7.4120060968147,46.3387999064014,11.2909696091704,34.1304307976018,65.6465640323183,1.23533434946912,44.752927161916,49.7686512757105
"ddmfcc_7_std","U","Late Post",396,3,44.9067627966171,7.03616540769089,44.6247734990996,10.2023386069391,28.1588163751255,67.0088268029346,0.353580615457405,44.2116275969512,45.601897996283
"dpncc_1_std","S","Pre",91,4,0.156778429877415,0.0422387246297531,0.15330926819557,0.0446542837495815,0.0856016619418293,0.344152517627671,0.00442782145518428,0.147981789721618,0.165575070033211
"dpncc_1_std","S","Early Post",265,3,0.163174345991791,0.0321902948616297,0.159070267086306,0.0409002603523205,0.0881843600360113,0.263894587066578,0.00197743409429442,0.159280797051821,0.167067894931762
"dpncc_1_std","S","Mid Post",94,3,0.150816761115361,0.0468346628729872,0.146527313196481,0.0465639371163168,0.0695023807113303,0.29441577527284,0.00483062663485669,0.141224093979435,0.160409428251286
"dpncc_1_std","S","Late Post",458,4,0.162981482354851,0.0330933330326782,0.161554000763701,0.0364558988908814,0.078325705615775,0.323300643610644,0.00154634990081358,0.159942644253108,0.166020320456594
"dpncc_1_std","U","Pre",90,3,0.177676183545989,0.0404647322281386,0.167531616140424,0.0461149169407503,0.1049887012634,0.334165373224931,0.00426535729165793,0.169201009461681,0.186151357630298
"dpncc_1_std","U","Early Post",56,3,0.148917194068008,0.0325385621175884,0.147283946123336,0.0492934962800424,0.0774683575974702,0.220017495496366,0.00434814826079563,0.140203310228993,0.157631077907023
"dpncc_1_std","U","Mid Post",36,3,0.130496915771387,0.0266306643516441,0.13301756295281,0.0317318572497263,0.0912772109378992,0.198655793330558,0.00443844405860735,0.121486395298913,0.139507436243862
"dpncc_1_std","U","Late Post",396,3,0.156430620337823,0.0343785228668386,0.151869012101156,0.0431075141433214,0.0722286714926881,0.308260870451409,0.00172758577569632,0.153034207665214,0.159827033010433
"dpncc_8_std","S","Pre",91,4,0.050149207072746,0.00747467430955929,0.0494107120378466,0.00947827864928579,0.0359056687148872,0.0734291870798444,0.000783558773814588,0.0485925308056635,0.0517058833398285
"dpncc_8_std","S","Early Post",265,3,0.0479137030328478,0.00680560716205748,0.0472372436859022,0.00911852097762483,0.0280835084115047,0.0718442162454246,0.000418065124674208,0.0470905367752665,0.048736869290429
"dpncc_8_std","S","Mid Post",94,3,0.0507247553355602,0.00832598222952856,0.0500025326254189,0.0111863767338998,0.036545681224057,0.0781872759612669,0.000858759496750892,0.0490194291688256,0.0524300815022949
"dpncc_8_std","S","Late Post",458,4,0.0479029347131967,0.0076037002344163,0.0472552295813804,0.0100950548585873,0.0257092577799574,0.0753265404841173,0.000355297578871714,0.0472047151061308,0.0486011543202626
"dpncc_8_std","U","Pre",90,3,0.0459268598243166,0.00740305319470899,0.0442671124035375,0.0094317670029837,0.0335435334155607,0.0728723813847008,0.000780350324488879,0.0443763203514044,0.0474773992972288
"dpncc_8_std","U","Early Post",56,3,0.0507500199469216,0.00834038459207596,0.0506590155856097,0.00910463914240048,0.0340600773900445,0.073651548851537,0.00111453077205274,0.0485164503673741,0.0529835895264691
"dpncc_8_std","U","Mid Post",36,3,0.0500021639236823,0.00625488656975602,0.049328811218722,0.00774894252157487,0.0405657959352369,0.0648117035922845,0.00104248109495934,0.0478858147877542,0.0521185130596103
"dpncc_8_std","U","Late Post",396,3,0.046134168643676,0.00696963547586052,0.0460073515762509,0.00902219922127846,0.0242838490911388,0.0636411653206437,0.000350237360590598,0.0454456062425114,0.0468227310448406
"e_std","S","Pre",91,4,1944.26617907819,697.163366889577,1791.13952524323,843.559102127538,819.76435887372,3985.38224238812,73.0825786228343,1799.07488075922,2089.45747739716
"e_std","S","Early Post",265,3,2415.75645560581,1056.74362438643,2303.3186090826,1777.12960781827,674.961542377468,5656.37664828003,64.9152448205994,2287.93895544818,2543.57395576343
"e_std","S","Mid Post",94,3,1631.64171779085,376.485090732104,1589.83276018,468.707383225856,925.172166385337,2753.58994663075,38.8314721480762,1554.53010994548,1708.75332563622
"e_std","S","Late Post",458,4,2496.55641535207,929.66960466784,2302.05587495566,1208.24149717553,746.154297955827,7191.59021795238,43.4406077969831,2411.1883016626,2581.92452904154
"e_std","U","Pre",90,3,1830.68890421233,891.21464781519,1641.90046852398,1245.22938844185,623.352025827534,4184.70852677279,93.9422723733602,1644.02761002324,2017.35019840141
"e_std","U","Early Post",56,3,2425.48101791357,1127.3483024748,2158.92534563508,1572.80874346958,999.806229221767,6302.00143867308,150.64825369364,2123.57517098721,2727.38686483993
"e_std","U","Mid Post",36,3,2398.61010421317,884.080501675131,2284.04239793719,1131.54043507669,1267.94531607523,4506.17848868386,147.346750279189,2099.48029826947,2697.73991015688
"e_std","U","Late Post",396,3,1364.8312156131,410.554521159939,1307.37092900293,408.10490119932,578.925968609802,3742.59360764723,20.6311409495689,1324.27064284312,1405.39178838307
"gfcc_0_mean","S","Pre",91,4,-986.098155637903,10.2751314518425,-987.771218226667,13.4035221821675,-1011.57717861926,-959.17640180862,1.0771264496291,-988.2380553325,-983.958255943306
"gfcc_0_mean","S","Early Post",265,3,-986.986944496234,11.9054446043113,-986.971392031415,18.0415772254514,-1013.69043874155,-958.043734024009,0.731345648416556,-988.426957127937,-985.546931864531
"gfcc_0_mean","S","Mid Post",94,3,-1003.52530395187,18.0463528373697,-1001.46674015463,18.793809039255,-1058.07617156573,-969.988229392281,1.86133917339458,-1007.22155465951,-999.829053244229
"gfcc_0_mean","S","Late Post",458,4,-999.586440648155,14.0639106682453,-998.805931935339,17.4266182522142,-1041.31489672877,-957.888668980349,0.657163388330129,-1000.8778774326,-998.295003863713
"gfcc_0_mean","U","Pre",90,3,-981.682982813841,13.1711089877625,-981.151802899307,20.2575864777979,-1008.74848008305,-950.496173537854,1.38835679038814,-984.441618183658,-978.924347444025
"gfcc_0_mean","U","Early Post",56,3,-980.868710624877,12.5442906467758,-984.823202585639,19.1524048063795,-1009.5000719122,-955.547028640552,1.67630134858386,-984.228093597727,-977.509327652027
"gfcc_0_mean","U","Mid Post",36,3,-986.184402901714,14.9713954262011,-986.230232774202,23.746855691334,-1014.63403043166,-959.324557247489,2.49523257103352,-991.249994326998,-981.118811476431
"gfcc_0_mean","U","Late Post",396,3,-983.138214516097,8.51639432631957,-982.339218904547,9.16661456540965,-1046.39619167416,-953.2293886711,0.427964917380509,-983.979588350769,-982.296840681424
"gfcc_1_std","S","Pre",91,4,64.4954374125105,20.5176570340116,60.7590926427333,29.7048040018944,27.2327940052114,113.972151893809,2.15083487538152,60.2224285243323,68.7684463006887
"gfcc_1_std","S","Early Post",265,3,80.247925864013,25.2923723613576,84.7219548105968,35.4221549159991,20.8067810013756,139.617667463945,1.5536980834728,77.1887091025571,83.3071426254689
"gfcc_1_std","S","Mid Post",94,3,70.979441043957,26.3911213993425,68.8388111757784,38.4530201334503,23.8487251605456,156.411847524518,2.7220363323877,65.5740163563863,76.3848657315278
"gfcc_1_std","S","Late Post",458,4,76.9873788009429,25.156706132028,78.11673212283,38.5542289378907,20.053214646891,135.685051874914,1.17549568046364,74.6773317279304,79.2974258739553
"gfcc_1_std","U","Pre",90,3,77.7651302556936,21.246231185199,77.6116726468872,24.1594598114778,31.8664911939907,135.983041259914,2.23954940799092,73.3151932855237,82.2150672258634
"gfcc_1_std","U","Early Post",56,3,56.2236355519437,22.1058058668091,53.147826557417,20.4371778921886,21.0141726967563,124.715353593292,2.95401256471918,50.3036620818477,62.1436090220398
"gfcc_1_std","U","Mid Post",36,3,49.7863853012275,16.6087719799319,49.1324580115851,20.331901478959,23.8295471604278,100.407204652902,2.76812866332198,44.1667853554006,55.4059852470545
"gfcc_1_std","U","Late Post",396,3,70.6518254420333,17.7912109133058,71.407649522437,23.4268466332158,10.3357824567296,158.391850584317,0.894041987356236,68.8941497431362,72.4095011409303
"gfcc_4_std","S","Pre",91,4,43.2960095368501,11.7226347043659,40.1855443262247,11.9622735306741,21.7784584609141,83.0923553582459,1.22886602070169,40.8546526995861,45.7373663741141
"gfcc_4_std","S","Early Post",265,3,49.3466448168852,12.1949927841002,47.5435034510488,15.7847774241945,25.5108543401485,94.6444736221292,0.7491324517098,47.8716101385269,50.8216794952434
"gfcc_4_std","S","Mid Post",94,3,50.386940032886,15.4809855990175,45.5521379259152,22.1327491562767,25.0279535439459,96.9977230161135,1.59674174598531,47.2161273766667,53.5577526891054
"gfcc_4_std","S","Late Post",458,4,59.4235162829702,17.5546292176982,56.9009476173449,28.2408408780747,25.6317122705948,111.162930972955,0.820273954358171,57.8115397535575,61.0354928123829
"gfcc_4_std","U","Pre",90,3,40.9487582514378,12.1737114328282,40.7673703036525,14.7856621124329,19.2849786669729,77.429350724597,1.28322185684564,38.3990237551447,43.498492747731
"gfcc_4_std","U","Early Post",56,3,50.7344658925447,16.755463633295,48.3991758514217,18.460530083577,26.6715024671434,119.402120068176,2.23904300972644,46.2473234293424,55.221608355747
"gfcc_4_std","U","Mid Post",36,3,47.2293689906601,12.4733949716434,43.952135523929,17.0837552899486,29.7652133094937,76.4282466848434,2.07889916194057,43.0089793199715,51.4497586613486
"gfcc_4_std","U","Late Post",396,3,44.4102699737608,10.6115670675493,43.6538803546797,12.4402191169393,11.3840143822651,91.0230946196451,0.533251309102319,43.3619043705011,45.4586355770204
"gfcc_6_mean","S","Pre",91,4,-66.88738441229,31.2251322082878,-65.98696850358,44.5964119138014,-140.048763202283,6.34042855030688,3.27328326185853,-73.3903329331362,-60.3844358914439
"gfcc_6_mean","S","Early Post",265,3,-46.7602978821065,26.3445552662084,-47.5746139045013,30.7036139150572,-136.291086278768,28.9788686033963,1.6183331655194,-49.9467805058804,-43.5738152583326
"gfcc_6_mean","S","Mid Post",94,3,-37.3808100903369,35.4728235164835,-36.2505187487478,50.9556785734101,-122.631208460339,64.2683506151239,3.65874238396896,-44.6463473546465,-30.1152728260274
"gfcc_6_mean","S","Late Post",458,4,-4.98736153544505,32.7043383226325,-4.74384152576924,43.6168223259598,-105.133441444503,99.9197098611742,1.52817337170114,-7.99047969489369,-1.98424337599642
"gfcc_6_mean","U","Pre",90,3,-61.7125852206862,26.7036172587368,-62.6880261276799,35.827952964464,-120.78967006307,-3.66974909379928,2.81480841009967,-67.3055495747454,-56.119620866627
"gfcc_6_mean","U","Early Post",56,3,-53.4477778163413,37.3394017037607,-56.3983292834778,44.8277523170046,-128.486213715226,65.9379609369354,4.98968743580699,-63.4473348923137,-43.4482207403689
"gfcc_6_mean","U","Mid Post",36,3,-56.3972810284249,33.2311769668669,-56.323637030502,46.3295353099957,-128.01253819303,55.0947601764893,5.53852949447781,-67.6410936660127,-45.1534683908372
"gfcc_6_mean","U","Late Post",396,3,-0.00453596381719841,33.045120688569,1.22842356053179,36.462475812049,-127.689041552253,79.2004383973658,1.66057979509082,-3.26921569160228,3.26014376396788
"gfcc_7_mean","S","Pre",91,4,-77.5505150743404,45.9943732457925,-84.9647736218699,65.1792644571423,-163.033951353377,22.8619902097741,4.82152040480926,-87.1293069100587,-67.9717232386221
"gfcc_7_mean","S","Early Post",265,3,-63.6424527150876,33.532827636391,-64.38713177129,46.0691852528514,-137.395722238528,53.3818362643544,2.05990522706695,-67.6983865317583,-59.5865188984169
"gfcc_7_mean","S","Mid Post",94,3,-83.3486512457524,38.0340364698626,-88.7121030916966,51.6467488440758,-155.590623908317,27.2556840066645,3.92291132959981,-91.1387756815895,-75.5585268099153
"gfcc_7_mean","S","Late Post",458,4,-100.249706637874,45.2984065892134,-111.27147524691,64.3724617138389,-197.851311018862,42.9154956991347,2.11665553503103,-104.409291402443,-96.0901218733038
"gfcc_7_mean","U","Pre",90,3,-2.28072203545631,41.4264932198785,1.73827558128018,58.8865879556443,-96.2659976743962,87.3116451248077,4.36673580161129,-10.9573330596294,6.3958889887168
"gfcc_7_mean","U","Early Post",56,3,-68.4806034169909,47.2566999338451,-61.9890349933108,64.7413033059267,-165.171117713269,34.307811971222,6.31494215650111,-81.1360303024996,-55.8251765314821
"gfcc_7_mean","U","Mid Post",36,3,-78.7981604515026,50.7679773158446,-69.5318921159802,86.6386055130937,-175.478244430103,-2.98335011772829,8.46132955264076,-95.9755726598576,-61.6207482431477
"gfcc_7_mean","U","Late Post",396,3,-72.476621998631,41.8177469520323,-69.0626535001062,52.42103804681,-215.394360214021,19.7042628671318,2.10142085178666,-76.6079898947444,-68.3452541025176
"gfcc_7_std","S","Pre",91,4,50.2796354552953,15.2729020611525,49.0841289705329,23.0051013941993,24.3565277138054,96.1137402114956,1.60103516434451,47.0988996555206,53.4603712550701
"gfcc_7_std","S","Early Post",265,3,53.7331791622347,12.3661078382281,52.4658360955152,15.2509269671432,27.2453169173237,97.9897944765378,0.759643965926559,52.2374474122753,55.2289109121941
"gfcc_7_std","S","Mid Post",94,3,53.5667020625768,14.4977825544316,52.2696367218,21.1507640337801,30.4101007070323,90.4169260369028,1.49533209502808,50.5972688752205,56.5361352499331
"gfcc_7_std","S","Late Post",458,4,48.5881611955713,11.8013750934495,47.6662117204109,14.5095698628059,20.7833078973123,94.6838241422898,0.551442043846093,47.5044846661771,49.6718377249654
"gfcc_7_std","U","Pre",90,3,40.2348620051427,11.8156839443328,38.8420040214506,17.285900505219,20.1549518813993,81.7452840166642,1.24548244589246,37.7601149145453,42.70960909574
"gfcc_7_std","U","Early Post",56,3,51.0943381270524,16.2657365182196,46.1459282157986,14.86514729093,25.5138517441712,105.615461856658,2.17360047123982,46.7383454417094,55.4503308123954
"gfcc_7_std","U","Mid Post",36,3,48.4912345409686,13.7575433613708,45.922542491292,20.4018406500418,28.0782737701104,82.599554732262,2.2929238935618,43.8363515657741,53.1461175161631
"gfcc_7_std","U","Late Post",396,3,56.578478547957,17.3258130606219,54.4415840771898,21.8538103257414,18.1606698442539,122.734665539392,0.870654865301846,54.8667816472411,58.2901754486729
"gfcc_8_mean","S","Pre",91,4,-15.0275008166287,25.7447107890753,-16.4666032677411,27.5938781111607,-80.5462315295568,45.1632764893489,2.69877899459788,-20.3890963361824,-9.66590529707499
"gfcc_8_mean","S","Early Post",265,3,-2.36238218401094,39.3192980872144,-3.65990886823193,54.6036797403698,-135.098263619864,100.297132044228,2.41536528123143,-7.1182134693696,2.39344910134772
"gfcc_8_mean","S","Mid Post",94,3,-61.823369798397,52.9729542901454,-67.861529542901,70.3976071129289,-183.087394730272,107.259650574787,5.46374305319518,-72.6732806665514,-50.9734589302426
"gfcc_8_mean","S","Late Post",458,4,-87.9210815892108,33.1066770952235,-90.5730682872712,37.1699964539442,-185.76081457867,50.8128139067192,1.54697342790809,-90.9611450267537,-84.8810181516679
"gfcc_8_mean","U","Pre",90,3,-17.1292573378106,35.7395023163023,-21.4861595664169,32.9063314267421,-110.24564828944,79.3682564915712,3.76727432534596,-24.6147511774699,-9.64376349815123
"gfcc_8_mean","U","Early Post",56,3,-55.7182382655985,39.08033529334,-64.3436093368019,49.4809507918593,-127.647940489505,85.0532030607539,5.22232947242601,-66.184020401431,-45.252456129766
"gfcc_8_mean","U","Mid Post",36,3,-55.4452669871736,32.4249779513249,-56.9048219863756,33.6290966153713,-123.960105822687,27.849671594612,5.40416299188748,-66.4163011225615,-44.4742328517857
"gfcc_8_mean","U","Late Post",396,3,-84.8853822778489,31.235463397292,-83.8774978672333,37.8710505892406,-190.103952828132,43.7513401850194,1.56964109457117,-87.9712776238564,-81.7994869318414
"jit_factor","S","Pre",91,4,18.9013708141554,2.64317444659574,19.0235411539651,3.31752574065461,13.4132530457737,26.9600311562608,0.277079969317716,18.3509030933729,19.4518385349379
"jit_factor","S","Early Post",265,3,19.3979623921704,2.23471167353338,19.4296406111912,2.9334529396051,8.12098523292027,25.9897751854122,0.137277246858338,19.1276647976616,19.6682599866791
"jit_factor","S","Mid Post",94,3,17.0236965298046,2.19651655391711,16.4851281277611,2.20649174398133,13.5245472367177,23.7255071768142,0.226553384146925,16.5738064085195,17.4735866510898
"jit_factor","S","Late Post",458,4,17.2105066744336,2.76649897557094,16.9392521815467,3.39007521814495,10.7128473407117,33.1724399930039,0.129270007715775,16.9564693283888,17.4645440204784
"jit_factor","U","Pre",90,3,20.1072097040323,2.74636855038824,19.9377933628318,3.47455283427219,15.5976399656783,28.2635180117369,0.289492663782725,19.5319939474327,20.6824254606319
"jit_factor","U","Early Post",56,3,18.0005288160869,1.68712742227946,17.9536141885475,1.91385197739699,14.5410209433573,22.9716591640079,0.225451885071459,17.5487131419267,18.452344490247
"jit_factor","U","Mid Post",36,3,16.9550883199368,2.15930307781886,17.3254640044644,2.73397723701544,11.2329441460316,21.0866632284343,0.359883846303144,16.2244852703076,17.6856913695661
"jit_factor","U","Late Post",396,3,18.0169022347438,1.92080954528458,17.9375897618471,2.52563006150855,12.3912645479172,24.3842858098871,0.0965243114460926,17.8271366096603,18.2066678598273
"lpc_11_mean","S","Pre",91,4,0.191851943000893,0.131395593852763,0.16061586507546,0.197372384054445,-0.0614876512902394,0.560787904416512,0.0137740008647923,0.164487486159178,0.219216399842607
"lpc_11_mean","S","Early Post",265,3,0.120273027664794,0.0945823112837837,0.115317792204134,0.110553545714987,-0.0859050381681853,0.533341804946564,0.0058101451960497,0.10883290698799,0.131713148341597
"lpc_11_mean","S","Mid Post",94,3,0.123414252338777,0.146097121503359,0.11409626584796,0.162807163377706,-0.290088733902421,0.62153254228216,0.0150687675135817,0.0934906664703514,0.153337838207203
"lpc_11_mean","S","Late Post",458,4,0.0778553241058045,0.179859830376653,0.0757367570961412,0.223352458201577,-0.526443436790143,0.618288720413595,0.00840429794692026,0.0613394625882614,0.0943711856233477
"lpc_11_mean","U","Pre",90,3,0.0732712680393929,0.0780597328578648,0.0714388397034501,0.109058414719463,-0.0950972936275783,0.252920408536957,0.00822821831250459,0.0569219735175587,0.089620562561227
"lpc_11_mean","U","Early Post",56,3,0.0882976760198783,0.0967468831280146,0.0832087503306188,0.110608130778568,-0.123753546515459,0.361065920097505,0.0129283460679747,0.0623886915257969,0.11420666051396
"lpc_11_mean","U","Mid Post",36,3,0.105898379216918,0.110238728364238,0.0830272769144953,0.131450992644789,-0.0783758754510439,0.420879356575084,0.0183731213940396,0.0685989598081727,0.143197798625664
"lpc_11_mean","U","Late Post",396,3,0.203012828687377,0.10549586024669,0.194809871343194,0.144468969954331,-0.249054156412323,0.451724626514052,0.00530136644506123,0.19259040658281,0.213435250791944
"lpc_4_mean","S","Pre",91,4,-0.432665494533356,0.589309351843205,-0.216230649461283,0.699502088635017,-2.11993256772396,0.281529760286116,0.0617764057675654,-0.555395107087964,-0.309935881978749
"lpc_4_mean","S","Early Post",265,3,-0.373345877638248,0.37996884701883,-0.241119794061567,0.29434727207687,-1.89031145991002,0.316867293288571,0.0233413007272694,-0.41930467695622,-0.327387078320276
"lpc_4_mean","S","Mid Post",94,3,-0.351110515886884,0.257842342890023,-0.338663301492856,0.319990370415955,-1.18787855031286,0.216157220266516,0.0265944070641915,-0.403921737686407,-0.298299294087362
"lpc_4_mean","S","Late Post",458,4,-0.280801487675151,0.211274858338471,-0.278902421502127,0.28306069533184,-0.988476454063235,0.232058797108138,0.00987222580190071,-0.300202074760935,-0.261400900589366
"lpc_4_mean","U","Pre",90,3,-0.204612712432054,0.197748506252493,-0.15931053875064,0.175155793843924,-0.863436978731212,0.172722560105434,0.0208445227884642,-0.246030335214105,-0.163195089650002
"lpc_4_mean","U","Early Post",56,3,-0.0771624983564049,0.176565339954529,-0.0486204666152901,0.164738722560151,-0.672660098534632,0.329861382414311,0.0235945360174684,-0.12444700517634,-0.0298779915364694
"lpc_4_mean","U","Mid Post",36,3,-0.251336356951506,0.229863901774214,-0.216551986674877,0.172021163494528,-1.12511149622906,0.0804160811318009,0.0383106502957023,-0.329111111853237,-0.173561602049774
"lpc_4_mean","U","Late Post",396,3,-0.15080281609173,0.22930070457495,-0.107708419867798,0.302284443489469,-1.06599167014243,0.417256598760142,0.0115227939581703,-0.173456489196687,-0.128149142986774
"lpcc_10_mean","S","Pre",91,4,0.0380405515083044,0.0471033524437128,0.036777923935179,0.0655480006483507,-0.0566914331674497,0.169486664680293,0.00493777301255124,0.0282308035764947,0.0478502994401141
"lpcc_10_mean","S","Early Post",265,3,0.120655851105545,0.108860159008256,0.102700710569996,0.134049195998004,-0.0633318494991209,0.486667480851368,0.00668722640965391,0.107488765854119,0.133822936356971
"lpcc_10_mean","S","Mid Post",94,3,0.0697209772522932,0.0973085083028402,0.0639462606975507,0.12027478078918,-0.117946102143173,0.466221788640698,0.01003660629053,0.0497902662706841,0.0896516882339023
"lpcc_10_mean","S","Late Post",458,4,-0.0316241097560278,0.0891882004369788,-0.0427455530836672,0.0876700415889721,-0.251365260420938,0.510527909795977,0.00416749091919143,-0.0398139315985776,-0.0234342879134779
"lpcc_10_mean","U","Pre",90,3,0.0291769966542165,0.0814034595833895,0.03005884685389,0.132403855364515,-0.115999896966799,0.25884059398968,0.00858067805669907,0.0121273721282345,0.0462266211801985
"lpcc_10_mean","U","Early Post",56,3,0.0250451865240051,0.0777152913594545,0.0177912857304504,0.0791804771144565,-0.129348681941821,0.321412134947738,0.0103851426421569,0.00423289558827697,0.0458574774597331
"lpcc_10_mean","U","Mid Post",36,3,0.0336035966924118,0.0688054985785002,0.0352030991864336,0.118125508032456,-0.0836231108329664,0.146486070590757,0.0114675830964167,0.0103231653305067,0.056884028054317
"lpcc_10_mean","U","Late Post",396,3,-0.0468847879095029,0.0540926971086402,-0.053498548347844,0.0631926046447801,-0.184209419026379,0.201898089468583,0.0027182603061773,-0.0522288546882599,-0.0415407211307459
"lpcc_2_mean","S","Pre",91,4,0.198217197769975,0.18993649000074,0.190407046811638,0.285027913306305,-0.174648996217031,0.649582000196867,0.019910754240796,0.158661009233576,0.237773386306374
"lpcc_2_mean","S","Early Post",265,3,-0.0404496597626808,0.225428711804966,-0.10682579359163,0.27553343980192,-0.453570813225789,0.659914949615088,0.0138479756855959,-0.0677161922893329,-0.0131831272360288
"lpcc_2_mean","S","Mid Post",94,3,0.322386695549589,0.296166568340513,0.394638405623772,0.302202694621981,-0.531136044929796,0.923632161407894,0.0305472491017962,0.261725912859968,0.38304747823921
"lpcc_2_mean","S","Late Post",458,4,0.0180887172914342,0.370968656198644,-0.116434881127766,0.54121816832849,-0.650769730379667,0.868485502889674,0.0173342269317893,-0.0159759592975258,0.0521533938803942
"lpcc_2_mean","U","Pre",90,3,0.250060832425543,0.215755760967751,0.24330539085751,0.321517795418325,-0.211137062818773,0.755356991807737,0.0227426540986982,0.20487166316119,0.295250001689895
"lpcc_2_mean","U","Early Post",56,3,0.325583417531846,0.209614825253164,0.301839896326332,0.236000950341376,-0.131855199692599,0.892510276222216,0.0280109592602083,0.269448200751501,0.381718634312191
"lpcc_2_mean","U","Mid Post",36,3,0.2710711622988,0.232342092027891,0.301061314244599,0.343422311432975,-0.275720468744587,0.573861524077686,0.0387236820046486,0.192457908450118,0.349684416147482
"lpcc_2_mean","U","Late Post",396,3,0.0187801832967756,0.176457730513278,0.00906428911769412,0.199799671901954,-0.494447106223907,0.753773766535015,0.00886733459803316,0.0013471110726836,0.0362132555208675
"lpcc_4_mean","S","Pre",91,4,0.0163854661706831,0.118705035710723,0.00952488390726518,0.126670237983462,-0.266239613401611,0.379657390749147,0.0124436688978085,-0.00833605402154032,0.0411069863629066
"lpcc_4_mean","S","Early Post",265,3,0.0361494645921999,0.109828211581219,0.0166605780499337,0.141478765083347,-0.198196986081073,0.377614970610316,0.00674669340649488,0.0228652893891131,0.0494336397952867
"lpcc_4_mean","S","Mid Post",94,3,0.0653838102033028,0.149429195443997,0.0531105990491561,0.206917497322153,-0.259396217506541,0.405440812236832,0.0154124446992296,0.034777749556068,0.0959898708505376
"lpcc_4_mean","S","Late Post",458,4,0.117626847109044,0.137300509020345,0.073987154513163,0.189748187728181,-0.124856707314783,0.566258371602536,0.00641563145953335,0.105019050312397,0.13023464390569
"lpcc_4_mean","U","Pre",90,3,0.0300276081399582,0.117147060535108,0.013115243306342,0.174038537673632,-0.197740233924954,0.327774678569805,0.0123483844161522,0.00549163133174849,0.0545635849481679
"lpcc_4_mean","U","Early Post",56,3,0.10689950087832,0.136796172476326,0.09118499913721,0.1756205095063,-0.204391198088313,0.461464569343343,0.0182801574724446,0.0702652466579636,0.143533755098677
"lpcc_4_mean","U","Mid Post",36,3,-0.0190130482213558,0.119404893493103,0.0112996632110191,0.124094010738169,-0.333134986442161,0.290808060710584,0.0199008155821838,-0.0594138517133951,0.0213877552706836
"lpcc_4_mean","U","Late Post",396,3,0.240940617881478,0.109343696189749,0.23820167185547,0.121819322723436,-0.144320522432063,0.578810022148898,0.00549472747654564,0.230138050335243,0.251743185427714
"lpcc_5_mean","S","Pre",91,4,-0.148786820193405,0.176613442504725,-0.131840800644219,0.277658167981699,-0.503632115248229,0.288060378243936,0.0185141193738961,-0.185568349797075,-0.112005290589735
"lpcc_5_mean","S","Early Post",265,3,-0.0093865940237905,0.101079909483902,-0.0238129857377613,0.132654683748571,-0.286542574828,0.299622910270557,0.0062092894805979,-0.0216126260037734,0.00283943795619242
"lpcc_5_mean","S","Mid Post",94,3,-0.00535536221451399,0.148411857357222,-0.0112377441593644,0.183087711697878,-0.293600037201495,0.392337606521314,0.0153075142874968,-0.0357530518597498,0.0250423274307218
"lpcc_5_mean","S","Late Post",458,4,0.0243922905367677,0.117539979807752,0.00232358399743834,0.168101516225304,-0.223150409760634,0.384055313066713,0.00549228256754525,0.013599029889216,0.0351855511843193
"lpcc_5_mean","U","Pre",90,3,0.108371396477021,0.113807412037802,0.0916714192203694,0.157202142651876,-0.127904969107319,0.423012973456745,0.0119963545549573,0.0845348955045954,0.132207897449446
"lpcc_5_mean","U","Early Post",56,3,-0.0179423944641239,0.128691065672963,-0.00398415643313307,0.172174449457388,-0.365740369327395,0.290392279590999,0.0171970670173947,-0.0524060869082076,0.0165212979799599
"lpcc_5_mean","U","Mid Post",36,3,-0.0777129760337469,0.114544994751895,-0.0838534912814464,0.121486220556712,-0.282952419269421,0.241884008114283,0.0190908324586491,-0.11646942636495,-0.0389565257025443
"lpcc_5_mean","U","Late Post",396,3,0.0342792789070396,0.0802096422234419,0.0326807255258177,0.100217128092328,-0.214798951510982,0.339254243011478,0.00403068617914856,0.0263549987869083,0.0422035590271708
"lpcc_6_mean","S","Pre",91,4,-0.0595685502598033,0.085981094165715,-0.0450720545556689,0.117087149856704,-0.247208037918901,0.172071241108667,0.00901326772586784,-0.0774749797793319,-0.0416621207402747
"lpcc_6_mean","S","Early Post",265,3,-0.0700971925413629,0.0685316569779761,-0.0666641342329666,0.0814387185430643,-0.302867539904406,0.108504159867324,0.00420986622301101,-0.078386379127817,-0.0618080059549089
"lpcc_6_mean","S","Mid Post",94,3,-0.129766549374245,0.119967703974682,-0.134561295574812,0.164041871462412,-0.355992520185126,0.178514522742748,0.0123737238744373,-0.154338312694317,-0.105194786054174
"lpcc_6_mean","S","Late Post",458,4,-0.116406060370965,0.0935834263047911,-0.127088248136466,0.105236016230178,-0.378827133422224,0.182645672522646,0.00437286633659147,-0.124999479512695,-0.107812641229234
"lpcc_6_mean","U","Pre",90,3,-0.0298030276180043,0.125241012707436,-0.0592430921658329,0.184618411565916,-0.35544822740741,0.236787736685431,0.0132015618873863,-0.0560342498884548,-0.00357180534755373
"lpcc_6_mean","U","Early Post",56,3,-0.135848116656251,0.0866348255274378,-0.132180341430274,0.110682520337633,-0.324446180563088,0.0818011631403553,0.0115770655316646,-0.15904907444078,-0.112647158871722
"lpcc_6_mean","U","Mid Post",36,3,-0.141307647908017,0.0951920314211676,-0.151665055206618,0.150097375606729,-0.381952902704043,0.0141572490405234,0.0158653385701946,-0.173515997523745,-0.109099298292289
"lpcc_6_mean","U","Late Post",396,3,-0.193408157808923,0.0843628694414765,-0.194902583875198,0.103058353763276,-0.405398975126882,0.156583617875629,0.00423939369962299,-0.201742754381864,-0.185073561235982
"lpcc_7_std","S","Pre",91,4,0.131760612285523,0.0320756208831464,0.132160051298815,0.0466475188863996,0.0757969930763435,0.251791451465747,0.00336243870002433,0.125080540925507,0.138440683645538
"lpcc_7_std","S","Early Post",265,3,0.127813190282942,0.0285410954826213,0.125372567806321,0.0367681892616226,0.0639700753127467,0.237659536798085,0.00175326555840658,0.124361027059845,0.131265353506039
"lpcc_7_std","S","Mid Post",94,3,0.144661146922411,0.045373508903471,0.137566839959843,0.0534224561843576,0.0605202000532444,0.316561676900186,0.00467992011003526,0.135367753076909,0.153954540767912
"lpcc_7_std","S","Late Post",458,4,0.116759758442776,0.033234306898804,0.110651541846685,0.0422811223660442,0.0523982028002167,0.300699085865273,0.00155293717697841,0.113707975233469,0.119811541652082
"lpcc_7_std","U","Pre",90,3,0.116896824795364,0.0412872520880733,0.109500641078244,0.0423296642581971,0.0646979693260669,0.297595179834551,0.00435205849759515,0.108249377261637,0.125544272329091
"lpcc_7_std","U","Early Post",56,3,0.117139144024319,0.0303626208084205,0.115428325809293,0.0439170213037417,0.0739597675850068,0.188152313658181,0.00405737587248724,0.109007981073218,0.125270306975421
"lpcc_7_std","U","Mid Post",36,3,0.110020126362032,0.0248822984246663,0.107931352016313,0.0303428405414621,0.0557248166764685,0.171842969191787,0.00414704973744439,0.101601167811197,0.118439084912866
"lpcc_7_std","U","Late Post",396,3,0.113992308917754,0.0309886118381867,0.109156447326075,0.0394869676988762,0.0411607816552388,0.239262371328989,0.00155723633698834,0.110930801174636,0.117053816660873
"lpcc_8_mean","S","Pre",91,4,-0.0700920569236722,0.101846102454922,-0.0539028478322985,0.142062352136809,-0.298204839029849,0.148800346307581,0.0106763724882722,-0.0913025343331927,-0.0488815795141517
"lpcc_8_mean","S","Early Post",265,3,-0.0205961232719419,0.0715769183630056,-0.0270513291345834,0.0809367666330994,-0.238462454627257,0.250187107824443,0.00439693514284167,-0.0292536467838135,-0.0119385997600704
"lpcc_8_mean","S","Mid Post",94,3,-0.149032663279442,0.111152820373974,-0.160386021829075,0.123403053663122,-0.361701117871564,0.228028893742296,0.0114645380515304,-0.171798963742808,-0.126266362816076
"lpcc_8_mean","S","Late Post",458,4,-0.0832431774869646,0.0572326706198731,-0.0838227128570494,0.0656733603004233,-0.25686471969654,0.133585251814846,0.00267430707112353,-0.0884986414794386,-0.0779877134944906
"lpcc_8_mean","U","Pre",90,3,0.0415007723183971,0.0999329169824269,0.0170752250214456,0.163411082926167,-0.205535486030352,0.311020274256494,0.0105338543629663,0.0205702280754817,0.0624313165613125
"lpcc_8_mean","U","Early Post",56,3,-0.0560730840964192,0.0964760718335037,-0.0621985117294827,0.118660566160031,-0.309133071406018,0.152632847908799,0.0128921573865272,-0.0819095448522317,-0.0302366233406067
"lpcc_8_mean","U","Mid Post",36,3,-0.0884591967893962,0.0472986928141387,-0.0899648839512747,0.062619875515123,-0.162465113053959,0.0381969252687604,0.00788311546902311,-0.104462772002373,-0.0724556215764195
"lpcc_8_mean","U","Late Post",396,3,-0.0272791378809201,0.0704679844615923,-0.0303597771452503,0.0758825830359869,-0.224931222640428,0.263395074338542,0.00354114945744994,-0.0342409947461975,-0.0203172810156427
"lpcc_9_mean","S","Pre",91,4,0.161412610608933,0.0689992947760127,0.165261926678172,0.0994457937924589,0.00318192176208384,0.310120133991991,0.00723309144582,0.14704281198294,0.175782409234926
"lpcc_9_mean","S","Early Post",265,3,0.122385287370732,0.103412158872181,0.0991432652082841,0.119302528985238,-0.106102123211549,0.534906128499863,0.00635255842164378,0.109877160207324,0.134893414534139
"lpcc_9_mean","S","Mid Post",94,3,-0.0315331502742954,0.130288036022807,-0.0207070235674168,0.173044639409657,-0.318167044185893,0.268219609878893,0.0134381848487254,-0.0582187221284089,-0.00484757842018192
"lpcc_9_mean","S","Late Post",458,4,-0.00690864804218921,0.0746057195638576,-0.013565056322377,0.084396301184911,-0.205118802674462,0.376337978197503,0.00348609633649708,-0.0137594147206241,-0.0000578813637542828
"lpcc_9_mean","U","Pre",90,3,0.0952003621404114,0.0885272334743478,0.078965957258905,0.123541302571736,-0.094266048683003,0.285360906831117,0.00933158975774801,0.0766586920592351,0.113742032221588
"lpcc_9_mean","U","Early Post",56,3,0.0464472947252201,0.0704878819911473,0.053925853664715,0.0967028023327242,-0.0876855254292996,0.250348084630513,0.00941933944036523,0.0275705166577265,0.0653240727927137
"lpcc_9_mean","U","Mid Post",36,3,0.0329407817300367,0.0641233935168702,0.036223325547338,0.0610931484538668,-0.1278369316179,0.192425540683372,0.0106872322528117,0.0112445468025509,0.0546370166575225
"lpcc_9_mean","U","Late Post",396,3,-0.0141456698289599,0.0681990062994545,-0.0180935097453587,0.0845249334096852,-0.202811322008375,0.20231704638006,0.00342712901470265,-0.0208833638873125,-0.00740797577060734
"lsf_3_mean","S","Pre",91,4,1629.34510272183,114.927902558894,1610.76788221263,107.305593922031,1431.973142371,2005.11651839256,12.0477177568743,1605.41020858066,1653.279996863
"lsf_3_mean","S","Early Post",265,3,1689.58913116747,124.620858102016,1701.60911927365,184.353957067923,1302.30212034751,1981.89030850961,7.65539845877249,1674.51572435193,1704.662537983
"lsf_3_mean","S","Mid Post",94,3,1458.44384836924,168.70324861036,1449.59309835405,232.11201412434,1131.13880514245,1847.77965460228,17.4004114929605,1423.89007965616,1492.99761708233
"lsf_3_mean","S","Late Post",458,4,1665.30380999717,237.996009168764,1699.72199537051,368.526866424536,1101.08682935221,2253.37239823714,11.1208231823836,1643.44951868083,1687.15810131352
"lsf_3_mean","U","Pre",90,3,1718.13662436761,146.632439829143,1693.50138922084,190.613157379933,1346.54811797462,2077.18535081596,15.4564162909227,1687.42505442684,1748.84819430837
"lsf_3_mean","U","Early Post",56,3,1548.07521756913,126.49932462824,1535.47878216961,174.873224199996,1332.03340708712,1926.04538602918,16.9041833006131,1514.19847720977,1581.95195792849
"lsf_3_mean","U","Mid Post",36,3,1552.93188397983,126.729581391424,1531.56637028524,179.074819349573,1332.9040403301,1756.39058938426,21.1215968985707,1510.05276265873,1595.81100530093
"lsf_3_mean","U","Late Post",396,3,1652.30299911634,104.193354442949,1654.71004852953,112.605694402015,1252.48326665787,2028.01558104728,5.23591306569353,1642.0092575614,1662.59674067128
"lsf_4_std","S","Pre",91,4,149.99916365097,50.1467761761367,157.376801048701,71.0158287404902,53.4662911554257,313.986283951082,5.25681050759321,139.555592050231,160.44273525171
"lsf_4_std","S","Early Post",265,3,262.662853034802,73.7209035965285,261.140520731128,99.5881550143132,113.190374710753,471.520639340306,4.52863910879339,253.746005665564,271.579700404041
"lsf_4_std","S","Mid Post",94,3,209.208854626192,80.9382354399166,195.589876414362,109.949883448317,64.9126997767282,417.209027336968,8.34814156674265,192.631099956539,225.786609295846
"lsf_4_std","S","Late Post",458,4,234.762230540124,70.4581706914668,230.194717218354,91.958419228508,70.4453154194641,506.590268757778,3.29229410505947,228.292317900471,241.232143179777
"lsf_4_std","U","Pre",90,3,153.394113424685,42.878219169285,155.313309607014,62.6642961667925,62.6641804999544,270.013002576441,4.51976115289445,144.413444287028,162.374782562342
"lsf_4_std","U","Early Post",56,3,191.158680359592,53.1301684414771,189.888116923161,85.7285644813192,91.1814626379038,306.693594190802,7.09981740034273,176.93032833613,205.387032383054
"lsf_4_std","U","Mid Post",36,3,165.349771059098,48.7933429327748,155.382044455335,74.4651342219324,77.424570969631,264.129010894916,8.13222382212914,148.840479003488,181.859063114709
"lsf_4_std","U","Late Post",396,3,198.229686893556,54.9095962912108,193.698416912697,69.7535961197988,39.9959455853303,353.972986221464,2.75931103466419,192.804914880701,203.654458906412
"lsf_8_std","S","Pre",91,4,172.604722089713,51.6082049662515,162.51577571596,60.8299595893076,81.5891105510504,322.016390459371,5.41000987165583,161.856793212738,183.352650966687
"lsf_8_std","S","Early Post",265,3,161.79629265786,42.5117324727725,155.167521548555,58.9828034355812,69.8503333796802,281.536772669103,2.61147496661755,156.65432326562,166.9382620501
"lsf_8_std","S","Mid Post",94,3,153.074695304357,51.0285883619622,143.726521580508,57.0840754549084,62.2265379389793,389.853756895315,5.26319702031221,142.623029112162,163.526361496553
"lsf_8_std","S","Late Post",458,4,178.078632311148,54.3500070844605,173.427033027233,79.3633344304087,59.1156909067011,352.961449448778,2.53960904999455,173.087872625649,183.069391996647
"lsf_8_std","U","Pre",90,3,163.07162681133,54.5686593167809,158.679743837341,72.8052188866636,72.7980437264498,356.527148717615,5.75204174342652,151.642442388471,174.50081123419
"lsf_8_std","U","Early Post",56,3,143.768401598668,47.3943741892377,131.468267224715,77.7358822632387,44.6422136297743,251.135214993671,6.33333965273891,131.076105306798,156.460697890537
"lsf_8_std","U","Mid Post",36,3,148.709048503267,56.9982069414395,125.961969461817,77.8435972177425,68.0639055555648,266.220957787757,9.49970115690658,129.423629868622,167.994467137912
"lsf_8_std","U","Late Post",396,3,109.917011432609,36.029038603585,103.927903946387,43.151758088987,42.3034458110198,278.872937642651,1.81052731220184,106.357536705636,113.476486159581
"mfcc_11_mean","S","Pre",91,4,-20.1984831530075,26.698724680812,-19.759532165614,39.4638433458261,-73.5266414216246,38.5475356798582,2.79878682427085,-25.7587616816435,-14.6382046243714
"mfcc_11_mean","S","Early Post",265,3,25.3757482764242,51.0691347547172,20.8297754965532,72.9319833714408,-89.0174784899796,155.5670651741,3.13715201007578,19.198725781161,31.5527707716874
"mfcc_11_mean","S","Mid Post",94,3,14.9426300435579,59.8690002386217,18.4005695564502,57.2440254934462,-100.577272733631,243.007622656299,6.17501588383872,2.68027229781667,27.2049877892991
"mfcc_11_mean","S","Late Post",458,4,-1.03624657438325,65.1100090712985,-11.4206792874131,81.9653998631709,-158.493584275952,190.211989119476,3.0423909241766,-7.01505735706667,4.94256420830018
"mfcc_11_mean","U","Pre",90,3,-15.5161650565614,25.9645696987184,-14.2371964746479,32.8236613608152,-66.4726421202826,41.7247406069268,2.73690595713807,-20.9543388959466,-10.0779912171762
"mfcc_11_mean","U","Early Post",56,3,-19.8086028171027,32.8225924571586,-19.8608431671705,42.7185903301373,-89.9938609464216,69.6332356734577,4.38610341144278,-28.5985504777713,-11.018655156434
"mfcc_11_mean","U","Mid Post",36,3,-27.151182758566,49.2048941568822,-14.5108764126989,64.5403721558039,-130.883645641721,72.9329482600461,8.2008156928137,-43.7997237146669,-10.5026418024651
"mfcc_11_mean","U","Late Post",396,3,-59.5024386844018,28.7410432188401,-59.4459149565409,35.1872550719578,-150.483975111957,30.3461256894546,1.44429176424668,-62.3418987679717,-56.6629786008319
"mfcc_2_mean","S","Pre",91,4,41.5101609454762,31.6219325202175,42.3381091947739,49.5261915478142,-24.0081675386472,121.631713053746,3.31487923687877,34.9245747600616,48.0957471308908
"mfcc_2_mean","S","Early Post",265,3,80.3812431943022,22.6074966397183,77.3899362214644,27.4410426551278,19.360826443414,163.152084514579,1.38876747896189,77.6467732257811,83.1157131628232
"mfcc_2_mean","S","Mid Post",94,3,23.9557609444499,41.6563364257063,21.3997610626851,48.5294767342185,-63.9996252043777,123.316274497185,4.29652304307776,15.4237176901274,32.4878041987723
"mfcc_2_mean","S","Late Post",458,4,70.0272958626554,27.8960822649556,72.3399485574339,37.899693088363,-18.117764410773,140.100231456043,1.30349832097316,67.4657020336989,72.5888896916119
"mfcc_2_mean","U","Pre",90,3,59.709568926569,36.8175966293612,61.4756387403742,52.1915441647825,-37.2771156819412,141.293780029386,3.88091544407066,51.9982726046156,67.4208652485223
"mfcc_2_mean","U","Early Post",56,3,30.080128425953,37.7821103315735,28.0150404224096,60.5885198213499,-60.5491776096561,113.060406921335,5.04884686464429,19.9620132052369,40.1982436466692
"mfcc_2_mean","U","Mid Post",36,3,1.37033839227947,26.9435651008524,4.7288579085555,27.5544448523703,-61.6510948131135,76.6601285609385,4.49059418347539,-7.7460524621488,10.4867292467077
"mfcc_2_mean","U","Late Post",396,3,56.734959223127,18.9089285243488,56.3830543594333,21.5699770698362,-13.6543305750987,128.268477463075,0.950209410650208,54.8668590515657,58.6030593946883
"mfcc_2_std","S","Pre",91,4,31.6592612235801,10.3752135272646,28.9659762341637,12.6894494253003,15.7254557013126,68.9206424619618,1.08761790183837,29.4985184279841,33.820004019176
"mfcc_2_std","S","Early Post",265,3,35.8786662903285,8.40592642513903,34.8128088165928,11.4445412759582,20.6602005869921,67.9591650173401,0.516371955542838,34.8619348169837,36.8953977636734
"mfcc_2_std","S","Mid Post",94,3,49.8618570073449,19.0997105079736,44.182866388386,26.9799232555711,14.8738117111909,107.386286062742,1.96998472153163,45.9498577730939,53.773856241596
"mfcc_2_std","S","Late Post",458,4,34.1728327400397,10.7186002606469,31.7859632446476,13.4099109155555,14.7036402171371,81.6938527263005,0.500847298564486,33.1885834099028,35.1570820701765
"mfcc_2_std","U","Pre",90,3,35.509443373206,8.57841865281704,35.0968203342808,11.2275733337692,19.8712605486911,58.2698931340369,0.904244722179169,33.712728371095,37.306158375317
"mfcc_2_std","U","Early Post",56,3,42.7287372106768,13.6810676024954,40.7862461830047,23.27864337237,22.4384818714428,78.8433944903026,1.82820955906537,39.0649233810725,46.3925510402811
"mfcc_2_std","U","Mid Post",36,3,39.4254906198844,12.2633307507915,35.3048006254079,14.4092838117891,22.4943206727087,69.9563625132116,2.04388845846525,35.2761764558947,43.5748047838741
"mfcc_2_std","U","Late Post",396,3,26.1246055284368,6.99164827446911,25.4763216841008,8.79104156660206,7.5258640894156,66.2103228697264,0.351343545341664,25.433868381474,26.8153426753996
"mfcc_6_mean","S","Pre",91,4,46.8685408988564,33.5718154760327,43.8141883692195,48.9245305253758,-27.0774501634128,134.922949464757,3.51928251047513,39.8768719337515,53.8602098639614
"mfcc_6_mean","S","Early Post",265,3,68.6906779249273,36.1940167911659,68.0963149647225,46.4012007311956,-29.4882178784572,151.496381355688,2.22338077734192,64.3128623032848,73.0684935465698
"mfcc_6_mean","S","Mid Post",94,3,82.0094070822057,52.5967326015051,82.1656287104353,74.1259021047125,-61.3376563115694,191.085394523225,5.42493874889849,71.2365538719281,92.7822602924833
"mfcc_6_mean","S","Late Post",458,4,120.549120511692,44.9908332158691,123.844880754318,68.9197505914219,-44.4507359561915,229.536190432357,2.10228357512919,116.417779069881,124.680461953503
"mfcc_6_mean","U","Pre",90,3,18.1198074849622,36.3163583482298,14.4768430817628,41.271301963358,-55.3246961494009,112.391727807858,3.82808029010922,10.5134934885154,25.7261214814091
"mfcc_6_mean","U","Early Post",56,3,74.3860755390339,35.3937065002949,69.8829454664042,45.3806416619664,-4.76559797615495,153.27311436495,4.72968297757633,64.9075790412106,83.8645720368572
"mfcc_6_mean","U","Mid Post",36,3,72.274438934777,31.5560383550679,65.3012305907801,29.6091748421375,20.5939234293048,160.154770349691,5.25933972584464,61.5974116599778,82.9514662095762
"mfcc_6_mean","U","Late Post",396,3,97.9018194063547,34.0956103312937,95.4446869336847,42.5799016864459,-52.4354394556717,217.536752510913,1.71336888586464,94.5333569666476,101.270281846062
"mfcc_7_mean","S","Pre",91,4,-44.5169112623334,41.3364407525326,-40.1206331908145,46.2410013818581,-147.575907328279,52.6070235079494,4.33323640449338,-53.1256417059911,-35.9081808186757
"mfcc_7_mean","S","Early Post",265,3,-32.1253771363639,35.1478857031659,-31.8035315016461,47.7825268531324,-144.830106527007,62.4742908199257,2.15911745544926,-36.3766588878985,-27.8740953848292
"mfcc_7_mean","S","Mid Post",94,3,6.58029873727174,49.6586422912462,13.3602391767921,72.2487045290814,-162.008278094008,130.261240103781,5.12189787195567,-3.59077534975185,16.7513728242953
"mfcc_7_mean","S","Late Post",458,4,35.5271865027216,39.0311705151492,33.7032871960587,47.9188883844513,-90.669030174068,172.47236285263,1.82380682523396,31.9430987953894,39.1112742100538
"mfcc_7_mean","U","Pre",90,3,-4.62650021375979,32.2518895173952,-3.76632043197595,34.6155591897381,-105.290429549818,66.4780983385228,3.39964765730259,-11.3815276946465,2.12852726712688
"mfcc_7_mean","U","Early Post",56,3,-4.70546616438559,44.1589333304959,3.08079822847929,65.3018341573,-167.368446350663,77.5399386213662,5.90098568171815,-16.5313057360968,7.12037340732561
"mfcc_7_mean","U","Mid Post",36,3,1.84609169520831,36.2527913900588,0.963171915645894,29.4364453490203,-111.806160464452,77.8992939209395,6.04213189834313,-10.4200881751524,14.112271565569
"mfcc_7_mean","U","Late Post",396,3,10.8267581321023,32.3835576345856,10.8690347830742,39.4947011606076,-135.713966946139,99.2839920961489,1.62733500076923,7.62743726656333,14.0260789976412
"plpcc_10_mean","S","Pre",91,4,-0.359288223789247,0.2595761224659,-0.389408118791734,0.37661655835722,-0.874335450398883,0.433244592241333,0.0272109713156074,-0.413347567729785,-0.305228879848709
"plpcc_10_mean","S","Early Post",265,3,-0.0125618827002923,0.271159561518864,-0.0193947266138662,0.353545147221562,-0.764601717708037,0.613385516591608,0.0166571994523873,-0.0453597501275059,0.0202359847269213
"plpcc_10_mean","S","Mid Post",94,3,-0.0779139635558636,0.245284126338856,-0.0766398276202331,0.360274136072757,-0.606267084730805,0.601967526814641,0.0252991259275922,-0.12815301372424,-0.0276749133874875
"plpcc_10_mean","S","Late Post",458,4,-0.206143655449077,0.365245995302998,-0.204063240740372,0.452978966167708,-1.30207146786514,0.835044486285346,0.0170668245489699,-0.239682841300797,-0.172604469597356
"plpcc_10_mean","U","Pre",90,3,-0.00767724381839128,0.202708660241798,-0.0122796543738913,0.249878506165714,-0.566687633768867,0.450983933043135,0.0213673689268434,-0.0501337507405214,0.0347792631037388
"plpcc_10_mean","U","Early Post",56,3,-0.161128462744149,0.234066179930732,-0.181010457607028,0.270452241192154,-0.631975331125517,0.424340853372132,0.0312784089689922,-0.223811795068043,-0.0984451304202562
"plpcc_10_mean","U","Mid Post",36,3,-0.275016499992118,0.420967259035267,-0.176932780339225,0.577121717262646,-1.13459724028633,0.56016161569167,0.0701612098392112,-0.417451328342336,-0.132581671641899
"plpcc_10_mean","U","Late Post",396,3,-0.366748118146733,0.196065975737869,-0.370865600635546,0.272912537038624,-0.911685481464949,0.259039506490237,0.00985268599511268,-0.386118379261295,-0.34737785703217
"plpcc_12_mean","S","Pre",91,4,-0.0559876365712325,0.151721905840723,-0.0245756514306058,0.155867620346503,-0.590084209730265,0.216488343676404,0.015904777329138,-0.0875852527665935,-0.0243900203758715
"plpcc_12_mean","S","Early Post",265,3,-0.224186863916935,0.249297315686205,-0.213677793207757,0.328203980777053,-1.03089503771808,0.324176166913057,0.0153142123665848,-0.254340402534704,-0.194033325299166
"plpcc_12_mean","S","Mid Post",94,3,-0.0364565098681819,0.224027661119632,-0.0240276303732268,0.30902747799723,-0.718735599482932,0.468846540902101,0.0231066889428453,-0.0823418146944087,0.00942879495804496
"plpcc_12_mean","S","Late Post",458,4,0.025092518710426,0.282103561264464,0.0169968444738917,0.405245944293426,-0.7882907722891,0.833604754501439,0.0131818337412464,-0.000812005616615877,0.0509970430374678
"plpcc_12_mean","U","Pre",90,3,-0.00926880987217085,0.240775748491634,0.0619666685298453,0.3514587435593,-0.540253451124433,0.38528451410588,0.0253799923521805,-0.0596983140695859,0.0411606943252442
"plpcc_12_mean","U","Early Post",56,3,-0.0705584518776068,0.206594188152079,-0.0350733850281399,0.261127921084085,-0.537253554377888,0.517218070481482,0.0276073096487068,-0.125884736759746,-0.0152321669954678
"plpcc_12_mean","U","Mid Post",36,3,-0.00175456753794319,0.177780536116976,-0.0159256719214272,0.230323696013384,-0.425596700820575,0.481146020042676,0.0296300893528294,-0.0619068468478882,0.0583977117720018
"plpcc_12_mean","U","Late Post",396,3,0.146516988681412,0.17520652913863,0.148799123798301,0.232577350538722,-0.361025158811538,0.636325747835143,0.00880445936323192,0.129207528406015,0.163826448956809
"plpcc_1_std","S","Pre",91,4,0.513359878531722,0.183288051140831,0.475983835700049,0.257541415589998,0.227929687746066,1.0295639883623,0.0192138084763245,0.47518829440185,0.551531462661595
"plpcc_1_std","S","Early Post",265,3,0.710233201374515,0.241175981364623,0.72778977461017,0.366978774401035,0.190942637313374,1.37504523823891,0.0148153227649924,0.681061971641299,0.739404431107732
"plpcc_1_std","S","Mid Post",94,3,0.579215441088921,0.266069968385213,0.499383156026939,0.379589165985139,0.205263269870209,1.39100283874084,0.0274430218383914,0.524719038531112,0.633711843646731
"plpcc_1_std","S","Late Post",458,4,0.708267321560779,0.250429056444387,0.719825781373237,0.392323313953916,0.179573475577047,1.32569998385613,0.0117017813289228,0.685271349600042,0.731263293521517
"plpcc_1_std","U","Pre",90,3,0.626905205512613,0.163991825492185,0.62095735540562,0.202402337073762,0.270752989015861,1.06624768000184,0.0172862562068056,0.592557782635482,0.661252628389744
"plpcc_1_std","U","Early Post",56,3,0.441432489184328,0.181366727300717,0.393917408738685,0.195914206643578,0.181777570638842,1.020027717541,0.0242361483899908,0.392862162436345,0.490002815932311
"plpcc_1_std","U","Mid Post",36,3,0.391231757819305,0.124122035661758,0.366692436778674,0.168144918160097,0.218155606742268,0.755665108768974,0.0206870059436263,0.349234903041387,0.433228612597222
"plpcc_1_std","U","Late Post",396,3,0.54464487289182,0.142993854202613,0.539305391152565,0.177741536373595,0.0808052022526162,1.31141405267497,0.00718571154116441,0.530517851192831,0.558771894590809
"plpcc_4_std","S","Pre",91,4,0.497501818593634,0.129892956757562,0.467137513577513,0.164984026904911,0.240127875967609,0.827737933944701,0.0136164816965928,0.470450301073054,0.524553336114214
"plpcc_4_std","S","Early Post",265,3,0.547040521933225,0.155965464432587,0.52309985637993,0.211224634983832,0.202635162557441,1.03227722400346,0.00958088231956774,0.528175855693795,0.565905188172656
"plpcc_4_std","S","Mid Post",94,3,0.508576419595344,0.175042655495988,0.482089377116143,0.220052321652043,0.208564100043682,0.989388875989146,0.0180542713880121,0.472724214716338,0.54442862447435
"plpcc_4_std","S","Late Post",458,4,0.558067111503738,0.164451196460577,0.536421469998323,0.231798972334115,0.183174424091984,1.11638457230686,0.00768429976770181,0.542966167721853,0.573168055285623
"plpcc_4_std","U","Pre",90,3,0.408636857296443,0.142527668740659,0.36564406862204,0.185375862984064,0.214165611677106,0.903118751939101,0.0150237354271489,0.37878501501568,0.438488699577205
"plpcc_4_std","U","Early Post",56,3,0.505678414344475,0.14449526896049,0.46425786757437,0.160054281089422,0.280603836087283,0.991780668049137,0.0193089925164252,0.466982328621364,0.544374500067586
"plpcc_4_std","U","Mid Post",36,3,0.455666525824031,0.0869993880900962,0.451508995919785,0.143696256795017,0.301357502404812,0.62641325201138,0.014499898015016,0.426230167904925,0.485102883743136
"plpcc_4_std","U","Late Post",396,3,0.422565779865121,0.103725393033064,0.40666978624331,0.13689683649856,0.104323074895533,0.792783753109602,0.00521239712004268,0.412318270373993,0.432813289356249
"pncc_4_std","S","Pre",91,4,0.124311879543331,0.0372564858137203,0.116028226798413,0.0427788286715965,0.0435722121281256,0.291666042820882,0.00390554091480682,0.116552840840207,0.132070918246455
"pncc_4_std","S","Early Post",265,3,0.134082495113405,0.0363107574665222,0.128295364144346,0.0438219780551818,0.0653299995020432,0.308415096962288,0.00223055210002265,0.129690559225553,0.138474431001256
"pncc_4_std","S","Mid Post",94,3,0.136433489734385,0.0400021968489741,0.12713842808015,0.0413701120564218,0.070558607768598,0.278935343321015,0.00412591157270585,0.128240247047476,0.144626732421295
"pncc_4_std","S","Late Post",458,4,0.154694541350405,0.0422728732322753,0.148807154225739,0.05454177178961,0.0692084425384259,0.322062353715948,0.00197528164555941,0.150812780098931,0.15857630260188
"pncc_4_std","U","Pre",90,3,0.120793912669298,0.0298031538020238,0.118918491264114,0.0477418790993437,0.0474563831066639,0.187586096552193,0.00314152824902341,0.114551762954591,0.127036062384004
"pncc_4_std","U","Early Post",56,3,0.148505330188315,0.0497157330077608,0.150668409342825,0.040438983774729,0.0714514975765394,0.405048476532555,0.00664354427312033,0.135191369945217,0.161819290431412
"pncc_4_std","U","Mid Post",36,3,0.136382767169505,0.0377150309041692,0.140382509606684,0.0451536786058123,0.0796533472302238,0.245527187566715,0.0062858384840282,0.123621836627378,0.149143697711632
"pncc_4_std","U","Late Post",396,3,0.124041854004051,0.0319358334698621,0.120790086673063,0.0427869647896059,0.052596195594721,0.266175826428276,0.00160483601495161,0.120886765871628,0.127196942136474
"pncc_6_mean","S","Pre",91,4,-0.0864014293302524,0.0609013785231331,-0.0858150774944207,0.0838606319323626,-0.212157525552716,0.102039791938904,0.00638419916412624,-0.0990847552724043,-0.0737181033881005
"pncc_6_mean","S","Early Post",265,3,-0.058603184221519,0.0473302145257439,-0.0569261421717601,0.0563940855708384,-0.23785455866101,0.0656680440523338,0.00290747196618678,-0.0643279688930303,-0.0528783995500076
"pncc_6_mean","S","Mid Post",94,3,-0.0422699826827978,0.0540358175554682,-0.0363467288471798,0.0732377347081548,-0.185151564438062,0.105476194941771,0.00557336902856738,-0.0533375890117457,-0.0312023763538498
"pncc_6_mean","S","Late Post",458,4,0.0158865384062012,0.0580342416878374,0.014815282717101,0.071721256962571,-0.195415254453973,0.198063148021618,0.00271176202738973,0.0105574691138265,0.021215607698576
"pncc_6_mean","U","Pre",90,3,-0.0879322733448444,0.0562502471530014,-0.088236529267861,0.0779404663654574,-0.233121533291627,0.0352243692194042,0.00592929666502955,-0.0997136595213118,-0.0761508871683771
"pncc_6_mean","U","Early Post",56,3,-0.0729431573604651,0.0679045841886467,-0.0674802709823837,0.0873514153645313,-0.218110801063614,0.0692310182027609,0.00907413175090225,-0.0911281237587392,-0.054758190962191
"pncc_6_mean","U","Mid Post",36,3,-0.0617017214031358,0.0605492968839802,-0.0631038645311857,0.0553741790748899,-0.181444065678869,0.147595593809707,0.0100915494806634,-0.0821886560121612,-0.0412147867941105
"pncc_6_mean","U","Late Post",396,3,0.0213882314688813,0.0581228981127109,0.0214894667407301,0.0663269361534453,-0.200197141105066,0.19564748815684,0.00292078552678664,0.0156460025638337,0.0271304603739288
"pncc_7_std","S","Pre",91,4,0.0885390419742894,0.0276415244408391,0.0849325699891245,0.0349842000431646,0.0434378937153378,0.166037618850549,0.00289761909352099,0.0827824158925341,0.0942956680560447
"pncc_7_std","S","Early Post",265,3,0.0906593206587423,0.0218973804692566,0.0897568273898782,0.0296727942123232,0.0413828826932702,0.162489067874297,0.00134514538937195,0.0880107421700801,0.0933078991474044
"pncc_7_std","S","Mid Post",94,3,0.0861946265319262,0.02403504175892,0.0824167087557469,0.0347339555259431,0.0450458020215767,0.146235515527356,0.00247902527248675,0.0812717736480129,0.0911174794158395
"pncc_7_std","S","Late Post",458,4,0.0871772306408591,0.0204135576162983,0.0863943172933596,0.0253206479950657,0.0340110880559954,0.15592741896674,0.000953862905378695,0.085302729314103,0.0890517319676152
"pncc_7_std","U","Pre",90,3,0.0724016765838002,0.0201468805236065,0.0722830050820628,0.0285436188658117,0.0368854026110138,0.139603013997365,0.00212366767339607,0.0681819941519321,0.0766213590156682
"pncc_7_std","U","Early Post",56,3,0.0916360305500172,0.028766092913713,0.0858191572802702,0.0291308612541186,0.0470031063946806,0.201995406930213,0.00384403085854356,0.0839324205611505,0.0993396405388839
"pncc_7_std","U","Mid Post",36,3,0.07865070736435,0.0210899756166928,0.0766387275232417,0.0281343926975674,0.0377089375587696,0.122538062472784,0.00351499593611547,0.0715148862466743,0.0857865284820258
"pncc_7_std","U","Late Post",396,3,0.0899023152789051,0.0283384623554224,0.086835430343059,0.0341236953591181,0.0352038643096494,0.219431527848469,0.00142406131467496,0.0871026280137183,0.0927020025440919
"pncc_9_std","S","Pre",91,4,0.0550734004866547,0.0169791924198249,0.0542753096538042,0.0216677547496363,0.025503689714992,0.11999203897187,0.00177990299534862,0.0515373125208732,0.0586094884524362
"pncc_9_std","S","Early Post",265,3,0.0621942844012948,0.0153160662017763,0.059797059094767,0.0192074564616466,0.0316520222940982,0.119833799326207,0.00094085846768567,0.0603417430194659,0.0640468257831237
"pncc_9_std","S","Mid Post",94,3,0.0644045879921386,0.0173361888111066,0.062856088663285,0.0226905678500648,0.0305226729324128,0.106039312073745,0.00178809134689293,0.0608537929512625,0.0679553830330146
"pncc_9_std","S","Late Post",458,4,0.0743257019275116,0.0211284222560396,0.0716806955237912,0.0324372599243416,0.0282883282308545,0.14266331089325,0.000987266336325578,0.0723855572307543,0.0762658466242689
"pncc_9_std","U","Pre",90,3,0.0522174881588348,0.0141589638024585,0.0518435630069249,0.0157915826167295,0.0291783758786984,0.119139211347339,0.00149248583078825,0.0492519506037436,0.055183025713926
"pncc_9_std","U","Early Post",56,3,0.0657653957491628,0.0201627043990234,0.0624630924186837,0.0250561901602349,0.0348329628197902,0.111743583611928,0.00269435470899805,0.0603657882502647,0.0711650032480609
"pncc_9_std","U","Mid Post",36,3,0.0607107267031483,0.0179827667697102,0.0583135769132987,0.0201182454056952,0.031424198674053,0.117753655866865,0.00299712779495171,0.0546262338046374,0.0667952196016592
"pncc_9_std","U","Late Post",396,3,0.0606140065355581,0.0171631142737571,0.0583775200197456,0.0219203742914397,0.0220215842853092,0.14531739327358,0.00086247894363705,0.0589183833976292,0.0623096296734871
"ppq5","S","Pre",91,4,16.3989176266638,1.94945447540455,16.6893575054762,2.7543275782757,12.0227831509813,20.5270547191808,0.204358356644627,15.9929240823378,16.8049111709897
"ppq5","S","Early Post",265,3,16.6695481524024,1.68100063187902,16.7177295582274,1.82149781257177,6.37516727506818,20.620899707508,0.103263047955807,16.4662241922934,16.8728721125114
"ppq5","S","Mid Post",94,3,14.2509180355321,1.79072979085915,14.0878677458834,2.32092692172289,10.7960297930311,19.6901433820398,0.184699675260069,13.8841410852915,14.6176949857726
"ppq5","S","Late Post",458,4,15.1444245490107,1.87371778356159,15.2212300508286,2.35368300374008,9.05307036509949,23.385996811698,0.0875530822447539,14.9723679904592,15.3164811075622
"ppq5","U","Pre",90,3,16.2588047996296,1.77065843767383,16.1356392123205,2.66891136171435,12.617443395365,19.7431463014156,0.18664378737482,15.8879475697206,16.6296620295385
"ppq5","U","Early Post",56,3,15.4705243074918,1.56704129261795,15.6873298835531,2.02620002811459,11.5538135952625,19.4005985736217,0.209404700996562,15.0508679088634,15.8901807061202
"ppq5","U","Mid Post",36,3,15.2744535384467,1.48301909322752,15.098866578591,2.09731402778955,12.2301419613991,17.9476878069828,0.247169848871253,14.7726720686287,15.7762350082647
"ppq5","U","Late Post",396,3,14.9086529924211,1.66468682001667,14.9606793648405,2.22176577916135,10.3457396684808,19.8865087237035,0.0836536602340179,14.7441909114489,15.0731150733933
"s_contrast_band_1_mean","S","Pre",91,4,16.3965523671509,2.17057723825046,16.4274442145125,2.86960790739224,11.9626732519917,22.5369858996564,0.22753832057917,15.9445077786218,16.8485969556801
"s_contrast_band_1_mean","S","Early Post",265,3,17.7655675463239,3.00524651486303,18.3018392979774,3.76863943091307,10.7144692885991,26.3452418789594,0.184610825896261,17.4020705845038,18.129064508144
"s_contrast_band_1_mean","S","Mid Post",94,3,16.6053680119495,1.7080817243798,16.5717199514955,2.30696884545892,12.8144002330021,21.8933863313959,0.176175178087168,16.2555190236613,16.9552170002377
"s_contrast_band_1_mean","S","Late Post",458,4,17.3608929580731,2.68110057352746,16.7048789956955,2.64368302516643,11.1518478982812,30.9411284301472,0.125279602445952,17.1146974307324,17.6070884854138
"s_contrast_band_1_mean","U","Pre",90,3,17.3493806615485,3.6278540652586,17.718570408984,6.1791026240962,10.9482581742793,26.5748562504886,0.382409395497276,16.5895413382044,18.1092199848927
"s_contrast_band_1_mean","U","Early Post",56,3,17.5050580753037,2.29299435583649,16.987167115548,2.49711137692492,13.2879468395512,24.99275647195,0.30641425961952,16.8909901767878,18.1191259738196
"s_contrast_band_1_mean","U","Mid Post",36,3,17.7780967013565,1.68633832211051,17.7692191522243,1.58617117869303,13.7364741116886,21.7995952240825,0.281056387018418,17.207521901785,18.3486715009279
"s_contrast_band_1_mean","U","Late Post",396,3,23.0392138419296,2.77286014389353,23.1720828595288,3.65672384952558,15.6235214168832,30.9065664353188,0.139341465051905,22.7652702123975,23.3131574714617
"s_contrast_band_5_mean","S","Pre",91,4,32.3815874080513,2.2480220495696,32.2327839429095,2.89428741045272,27.414774772438,38.2313750461298,0.235656742718034,31.9134141569482,32.8497606591544
"s_contrast_band_5_mean","S","Early Post",265,3,36.5624921482163,4.58479142429747,36.1684098301658,6.74518839794623,26.663156182743,52.3466043830453,0.281641498364811,36.007942714395,37.1170415820377
"s_contrast_band_5_mean","S","Mid Post",94,3,36.3955553704061,5.51779802611771,35.061645661919,4.38429079987941,26.4599302251225,57.001000609581,0.569117411670264,35.2654009817355,37.5257097590767
"s_contrast_band_5_mean","S","Late Post",458,4,42.3862548492356,6.0483004647276,42.7354797767528,9.22532492617749,27.6372438781653,58.4513841917044,0.282618520609176,41.8308618374511,42.94164786102
"s_contrast_band_5_mean","U","Pre",90,3,31.672098217026,2.94719056851065,31.6197887083375,3.45054933030831,26.02462180764,40.8055005455189,0.310661163168672,31.054821103046,32.289375331006
"s_contrast_band_5_mean","U","Early Post",56,3,34.6445373772631,3.15099301485132,34.0208914841518,5.03100060978262,28.9166878910792,42.9585268234988,0.421069153203269,33.8006959373821,35.4883788171441
"s_contrast_band_5_mean","U","Mid Post",36,3,36.5826675156904,2.70235085816691,36.4509729884164,3.1167854025505,31.0012891203542,44.1597675885701,0.450391809694486,35.6683235320106,37.4970114993702
"s_contrast_band_5_mean","U","Late Post",396,3,34.2159390591088,2.50715518464944,33.9670186728347,2.97447567422037,27.0738773335757,43.8535406983493,0.125989288464794,33.9682456467326,34.463632471485
"s_contrast_band_7_mean","S","Pre",91,4,66.2026360199292,13.5756486968613,60.6019962252312,23.7371291055983,50.6214226954885,97.2817752353494,1.42311466775834,63.3753703409916,69.0299016988668
"s_contrast_band_7_mean","S","Early Post",265,3,67.36336728296,13.3282513456423,61.8240099058151,7.87896088180577,45.1826885692862,99.8005319944464,0.818747971756357,65.7512603071912,68.9754742587287
"s_contrast_band_7_mean","S","Mid Post",94,3,58.8644128431045,5.6492633449238,58.2071481399803,5.97845305409536,44.4527653475367,74.3227682016702,0.582677023966543,57.7073317517341,60.0214939344749
"s_contrast_band_7_mean","S","Late Post",458,4,59.6452849019759,6.68655031130063,61.8813814479914,10.4240216132652,34.4892085205584,70.9034608490085,0.312441977375163,59.0312837726506,60.2592860313012
"s_contrast_band_7_mean","U","Pre",90,3,53.6213699286302,3.81165718553028,53.1041103602407,5.42993597359995,44.8533052196023,64.7739399496483,0.40178394553409,52.8230337870503,54.41970607021
"s_contrast_band_7_mean","U","Early Post",56,3,53.754214959337,4.08809786566901,54.0005344319865,6.1713153016679,46.1957778162966,63.7589817053944,0.546295056319116,52.6594152015841,54.84901471709
"s_contrast_band_7_mean","U","Mid Post",36,3,53.852728422153,3.66958071495086,53.8807361748381,5.99286373067068,46.1048137422901,61.2011370297139,0.611596785825143,52.6111209383569,55.094335905949
"s_contrast_band_7_mean","U","Late Post",396,3,61.3611537141818,4.66523549209841,61.6767075944019,4.58327656482502,33.5473967810707,72.1144100502962,0.234436904332416,60.9002536049059,61.8220538234577
"s_entropy_mean","S","Pre",91,4,0.541693406520161,0.0562988821643388,0.534360511063139,0.0360715922193158,0.392119317739087,0.730669103939242,0.00590172644972704,0.52996859683629,0.553418216204032
"s_entropy_mean","S","Early Post",265,3,0.509296917222346,0.0472592551413239,0.508677577626086,0.0614770584849433,0.298381334713821,0.669728517313137,0.00290311296585251,0.503580715381069,0.515013119063623
"s_entropy_mean","S","Mid Post",94,3,0.496794705141264,0.0468991997802817,0.500185357021472,0.0589920649852723,0.377217605115688,0.652818660606678,0.00483728310859183,0.487188819567718,0.50640059071481
"s_entropy_mean","S","Late Post",458,4,0.474918239825333,0.0434482635064737,0.476986077978133,0.0554392111025552,0.327859676368538,0.614052835228708,0.00203020402621321,0.470928546841925,0.478907932808741
"s_entropy_mean","U","Pre",90,3,0.538304148601585,0.110577661031211,0.570547244854439,0.200563190490599,0.3351885031699,0.738263344176094,0.0116559089064223,0.515144105881138,0.561464191322031
"s_entropy_mean","U","Early Post",56,3,0.507898232381738,0.0574723297771764,0.499945283132726,0.0611752162967283,0.382441290040689,0.680831014934246,0.00768006311592428,0.492507041958939,0.523289422804538
"s_entropy_mean","U","Mid Post",36,3,0.519136783998264,0.0520449395159052,0.508839568308814,0.0579216394319435,0.397402968483259,0.612917393141648,0.00867415658598421,0.501527309942172,0.536746258054355
"s_entropy_mean","U","Late Post",396,3,0.548389267493611,0.0452764077040821,0.556505286541234,0.0435936560664649,0.273470558861876,0.710728731805747,0.0022752250940848,0.543916202566068,0.552862332421153
"s_flux_mean","S","Pre",91,4,0.0497231502530962,0.00705824055346505,0.0509286327534876,0.00545452266006336,0.0298485140500498,0.0689984553178188,0.000739904654613313,0.0482532005132277,0.0511930999929647
"s_flux_mean","S","Early Post",265,3,0.0524635924722132,0.00682600305125601,0.0527279980746865,0.00865418123414873,0.0353267278167366,0.0764023848455212,0.000419318034188022,0.0516379592477058,0.0532892256967207
"s_flux_mean","S","Mid Post",94,3,0.0594718973913274,0.00872433185337611,0.0589322135058119,0.00800839397312309,0.0367210814464303,0.0965369486622153,0.000899846123298448,0.0576849813270493,0.0612588134556055
"s_flux_mean","S","Late Post",458,4,0.061716145144564,0.00816059695024731,0.0613011200982113,0.010253103683181,0.0362880861856605,0.0941624316579468,0.000381319653482281,0.0609667877763928,0.0624655025127352
"s_flux_mean","U","Pre",90,3,0.0490431745715002,0.0143963006931819,0.0442188953197499,0.025852801798693,0.0274564534900746,0.0748750771954748,0.00151750333570385,0.0460279277670269,0.0520584213759735
"s_flux_mean","U","Early Post",56,3,0.0536558774925218,0.00797740092396279,0.0557393818117839,0.010196155182341,0.0334923491572676,0.0674198778131469,0.00106602503908581,0.0515195155740863,0.0557922394109573
"s_flux_mean","U","Mid Post",36,3,0.0538609637867202,0.00869178335293188,0.0542161542997934,0.0110338924187676,0.0395462913563708,0.0718051177459555,0.00144863055882198,0.05092008740415,0.0568018401692904
"s_flux_mean","U","Late Post",396,3,0.0456040478676516,0.00429341455478822,0.0448064816575523,0.00390914488390934,0.0301075065223411,0.0821200152531978,0.000215752199207323,0.0451798816619327,0.0460282140733706
"s_logdist_std","S","Pre",91,4,0.0337788630802683,0.0274119519712697,0.0231913282602747,0.023640958793283,0.0107396770807431,0.143000774919799,0.00287355335964315,0.0280700477793115,0.0394876783812252
"s_logdist_std","S","Early Post",265,3,0.0321215821428563,0.0156926523878857,0.029124959287861,0.0146730383071287,0.00996052181703606,0.118866573022081,0.000963991973205086,0.0302234911084989,0.0340196731772136
"s_logdist_std","S","Mid Post",94,3,0.0340951312461808,0.0229427546687622,0.0269761738733816,0.0214739918520307,0.0109472054550979,0.117378985328664,0.00236636446130645,0.029396000405515,0.0387942620868467
"s_logdist_std","S","Late Post",458,4,0.0281999053851457,0.0101454531547903,0.0271385045340002,0.00984029224647407,0.00760517191705442,0.0996827034121505,0.00047406589309476,0.0272682860291932,0.0291315247410983
"s_logdist_std","U","Pre",90,3,0.029569421958427,0.0156810237243555,0.0251374596173146,0.0174125972863307,0.00965879277124675,0.098890023977133,0.00165292503373666,0.0262850951245115,0.0328537487923424
"s_logdist_std","U","Early Post",56,3,0.0227495283835761,0.0117261176602652,0.0197146737452924,0.0122405049163246,0.0111833143338859,0.0752842772074073,0.00156696838434684,0.0196092535673468,0.0258898031998054
"s_logdist_std","U","Mid Post",36,3,0.02180701079434,0.0108845468995202,0.018875252481532,0.00898800385246404,0.00854997249883339,0.0572620690798047,0.00181409114992004,0.0181242099683185,0.0254898116203614
"s_logdist_std","U","Late Post",396,3,0.0215614202699848,0.0100619040495508,0.0186616770093496,0.0086917766645032,0.00696353512975495,0.0725614817785709,0.00050562970316542,0.0205673584088384,0.0225554821311313
"ucla_flux","S","Pre",91,4,15889.8200609943,4627.6685822263,15783.6984621082,6594.13434291493,4565.31306330897,25272.0743411216,485.111480412225,14926.0614334562,16853.5786885324
"ucla_flux","S","Early Post",265,3,19285.4799203953,9232.2454155162,19774.8229710807,16346.8337066918,3449.01209738615,41111.6327031093,567.132327616423,18168.8017568169,20402.1580839737
"ucla_flux","S","Mid Post",94,3,8975.64798413001,2783.14973998974,8270.25026332034,3341.3409117915,3920.79461387469,20546.3750049072,287.059977334506,8405.60376031308,9545.69220794694
"ucla_flux","S","Late Post",458,4,15755.0912373616,5787.01857953218,15575.9164423792,7436.55665181892,4404.16932231864,44915.8809638467,270.409619896233,15223.6907725727,16286.4917021505
"ucla_flux","U","Pre",90,3,21244.8394021962,15512.4134426909,15608.9341839836,23547.6687666703,5556.08176924076,66965.9887960591,1635.1519495039,17995.8273080757,24493.8514963166
"ucla_flux","U","Early Post",56,3,15907.663312222,4969.60307172633,16103.388923584,6767.57691145928,6840.13137144564,28865.3439799639,664.091144380689,14576.7949186974,17238.5317057466
"ucla_flux","U","Mid Post",36,3,16687.547543712,6935.34835654465,14874.9159274205,5733.79280517476,8438.38025170154,38616.9240844772,1155.89139275744,14340.9632630788,19034.1318243453
"ucla_flux","U","Late Post",396,3,11546.8165365925,3446.29952173927,11087.4991999131,3637.0420111358,2202.16800588817,30033.2259494411,173.183067102885,11206.3407280599,11887.2923451251
"zcr_std","S","Pre",91,4,0.0305857687129272,0.0135655956984198,0.0264508701524511,0.0107937978693432,0.0152841663641625,0.0790676602535685,0.00142206082717536,0.0277605966722457,0.0334109407536086
"zcr_std","S","Early Post",265,3,0.0391492557294074,0.0123038089628523,0.03951520977277,0.0145266959956794,0.011950549925037,0.102784106168121,0.0007558169764338,0.0376610592853911,0.0406374521734237
"zcr_std","S","Mid Post",94,3,0.0273714351611519,0.0164256776180092,0.0209635172479489,0.0163907030066503,0.0109407180190607,0.0798482163043447,0.00169417928794123,0.0240071308573311,0.0307357394649727
"zcr_std","S","Late Post",458,4,0.0327729394694471,0.0119607176540844,0.0345127858246977,0.0154405370221956,0.00875325743551602,0.0944898448804879,0.000558887632738268,0.0316746311033622,0.033871247835532
"zcr_std","U","Pre",90,3,0.0413855704436914,0.0156850382991936,0.0380410604248623,0.0276518202732933,0.0173945596826028,0.0930992125021491,0.00165334820708084,0.0381004027733548,0.0446707381140279
"zcr_std","U","Early Post",56,3,0.0283381090430125,0.0138102330222725,0.0224600739323695,0.0164656175121058,0.0117541324603852,0.0802759025951928,0.00184547001431626,0.0246397044881055,0.0320365135979196
"zcr_std","U","Mid Post",36,3,0.0231592530362086,0.00882347064541302,0.021380481024046,0.00955708483303465,0.0110847414685411,0.0447224921380877,0.00147057844090217,0.020173820084219,0.0261446859881981
"zcr_std","U","Late Post",396,3,0.0333789535421734,0.00980441280363374,0.0324952384324407,0.00807098328332123,0.00769878280955427,0.133583864065703,0.000492690281203175,0.0324103304275987,0.0343475766567481
